Workbook

Sheet 클라우드힐스  분양분 견적서
BB1: *필독사항
BB2: 1. 호실 외 면적 및 금액, 용도 납부일자 비율등의 수치를 변경하지 말 것.
BB3: 2. 견적서의 내용 중 특이사항이나 문제가 될 내용이 있을 시엔 유케이아이디로 문의 부탁드립니다.
AT5: 작성일: | AV5: =TODAY() -> 45860
C6: 1. 분양호실 견적서 | AU6: [단위: 원]
C7: 호실 | E7: 용도 | K7: 면적 | W7: 공급가액 (VAT 별도) | AA7: 부가세 | AE7: 총 분양가 (VAT 포함) | AI7: 계약금 | AM7: 납입금 | AU7: 비고
K8: 전용면적 | O8: 공용면적 | S8: 분양면적 | AM8: 청약 납입금 | AQ8: 계약 납입금
K9: ㎡ | M9: 평 | O9: ㎡ | Q9: 평 | S9: ㎡ | U9: 평 | AI9: 0.1 | AM9: A | AQ9: B
C10: bt-414 | E10: =IF($C10="","",VLOOKUP($C10,'분양가테이블(부가세기입X)'!$A$6:$AF$358,2,FALSE)) -> 업무시설(지식산업센터) | I10: =IF($C10="","",VLOOKUP($C10,'분양가테이블(부가세기입X)'!$A$6:$AF$358,3,FALSE)) -> 분양 | K10: =IF($C10="","",VLOOKUP($C10,'분양가테이블(부가세기입X)'!$A$6:$AF$358,4,FALSE)) -> 105.76 | M10: =IF($C10="","",VLOOKUP($C10,'분양가테이블(부가세기입X)'!$A$6:$AF$358,5,FALSE)) -> 31.9924 | O10: =IF($C10="","",VLOOKUP($C10,'분양가테이블(부가세기입X)'!$A$6:$AF$358,12,FALSE)) -> 124.98 | Q10: =IF($C10="","",VLOOKUP($C10,'분양가테이블(부가세기입X)'!$A$6:$AF$358,13,FALSE)) -> 37.80645 | S10: =IF($C10="","",VLOOKUP($C10,'분양가테이블(부가세기입X)'!$A$6:$AF$358,6,FALSE)) -> 230.74 | U10: =IF($C10="","",VLOOKUP($C10,'분양가테이블(부가세기입X)'!$A$6:$AF$358,7,FALSE)) -> 69.79885 | W10: =IF($C10="","",VLOOKUP($C10,'분양가테이블(부가세기입X)'!$A$6:$AF$358,22,FALSE)) -> 1569000000 | Y10: =IF($C10="","",VLOOKUP($C10,'분양가테이블(부가세기입X)'!$A$6:$AF$358,3,FALSE)) -> 분양 | AA10: =IF($C10="","",VLOOKUP($C10,'분양가테이블(부가세기입X)'!$A$6:$AF$358,23,FALSE)) -> 86295000 | AC10: =IF($C10="","",VLOOKUP($C10,'분양가테이블(부가세기입X)'!$A$6:$AF$358,3,FALSE)) -> 분양 | AE10: =IF($C10="","",VLOOKUP($C10,'분양가테이블(부가세기입X)'!$A$6:$AF$358,24,FALSE)) -> 1655295000 | AG10: =IF($C10="","",VLOOKUP($C10,'분양가테이블(부가세기입X)'!$A$6:$AF$358,3,FALSE)) -> 분양 | AI10: =IF($C10="","",VLOOKUP($C10,'분양가테이블(부가세기입X)'!$A$6:$AF$358,25,FALSE)) -> 165529500 | AK10: =IF($C10="","",VLOOKUP($C10,'분양가테이블(부가세기입X)'!$A$6:$AF$358,3,FALSE)) -> 분양 | AQ10: =AI10 -> 165529500 | AS10: =IF($C10="","",VLOOKUP($C10,'분양가테이블(부가세기입X)'!$A$6:$AF$358,3,FALSE)) -> 분양
C11: bt-415 | E11: =IF($C11="","",VLOOKUP($C11,'분양가테이블(부가세기입X)'!$A$6:$AF$358,2,FALSE)) -> 업무시설(지식산업센터) | I11: =IF($C11="","",VLOOKUP($C11,'분양가테이블(부가세기입X)'!$A$6:$AF$358,3,FALSE)) -> 분양 | K11: =IF($C11="","",VLOOKUP($C11,'분양가테이블(부가세기입X)'!$A$6:$AF$358,4,FALSE)) -> 112.03 | M11: =IF($C11="","",VLOOKUP($C11,'분양가테이블(부가세기입X)'!$A$6:$AF$358,5,FALSE)) -> 33.889075 | O11: =IF($C11="","",VLOOKUP($C11,'분양가테이블(부가세기입X)'!$A$6:$AF$358,12,FALSE)) -> 132.38 | Q11: =IF($C11="","",VLOOKUP($C11,'분양가테이블(부가세기입X)'!$A$6:$AF$358,13,FALSE)) -> 40.04495 | S11: =IF($C11="","",VLOOKUP($C11,'분양가테이블(부가세기입X)'!$A$6:$AF$358,6,FALSE)) -> 244.41 | U11: =IF($C11="","",VLOOKUP($C11,'분양가테이블(부가세기입X)'!$A$6:$AF$358,7,FALSE)) -> 73.934025 | W11: =IF($C11="","",VLOOKUP($C11,'분양가테이블(부가세기입X)'!$A$6:$AF$358,22,FALSE)) -> 1662300000 | Y11: =IF($C11="","",VLOOKUP($C11,'분양가테이블(부가세기입X)'!$A$6:$AF$358,3,FALSE)) -> 분양 | AA11: =IF($C11="","",VLOOKUP($C11,'분양가테이블(부가세기입X)'!$A$6:$AF$358,23,FALSE)) -> 91426500 | AC11: =IF($C11="","",VLOOKUP($C11,'분양가테이블(부가세기입X)'!$A$6:$AF$358,3,FALSE)) -> 분양 | AE11: =IF($C11="","",VLOOKUP($C11,'분양가테이블(부가세기입X)'!$A$6:$AF$358,24,FALSE)) -> 1753726500 | AG11: =IF($C11="","",VLOOKUP($C11,'분양가테이블(부가세기입X)'!$A$6:$AF$358,3,FALSE)) -> 분양 | AI11: =IF($C11="","",VLOOKUP($C11,'분양가테이블(부가세기입X)'!$A$6:$AF$358,25,FALSE)) -> 175372650 | AK11: =IF($C11="","",VLOOKUP($C11,'분양가테이블(부가세기입X)'!$A$6:$AF$358,3,FALSE)) -> 분양 | AQ11: =AI11 -> 175372650 | AS11: =IF($C11="","",VLOOKUP($C11,'분양가테이블(부가세기입X)'!$A$6:$AF$358,3,FALSE)) -> 분양
C12: bt-416 | E12: =IF($C12="","",VLOOKUP($C12,'분양가테이블(부가세기입X)'!$A$6:$AF$358,2,FALSE)) -> 업무시설(지식산업센터) | I12: =IF($C12="","",VLOOKUP($C12,'분양가테이블(부가세기입X)'!$A$6:$AF$358,3,FALSE)) -> 분양 | K12: =IF($C12="","",VLOOKUP($C12,'분양가테이블(부가세기입X)'!$A$6:$AF$358,4,FALSE)) -> 78.75 | M12: =IF($C12="","",VLOOKUP($C12,'분양가테이블(부가세기입X)'!$A$6:$AF$358,5,FALSE)) -> 23.821875 | O12: =IF($C12="","",VLOOKUP($C12,'분양가테이블(부가세기입X)'!$A$6:$AF$358,12,FALSE)) -> 93.06 | Q12: =IF($C12="","",VLOOKUP($C12,'분양가테이블(부가세기입X)'!$A$6:$AF$358,13,FALSE)) -> 28.15065 | S12: =IF($C12="","",VLOOKUP($C12,'분양가테이블(부가세기입X)'!$A$6:$AF$358,6,FALSE)) -> 171.81 | U12: =IF($C12="","",VLOOKUP($C12,'분양가테이블(부가세기입X)'!$A$6:$AF$358,7,FALSE)) -> 51.972525 | W12: =IF($C12="","",VLOOKUP($C12,'분양가테이블(부가세기입X)'!$A$6:$AF$358,22,FALSE)) -> 1106100000 | Y12: =IF($C12="","",VLOOKUP($C12,'분양가테이블(부가세기입X)'!$A$6:$AF$358,3,FALSE)) -> 분양 | AA12: =IF($C12="","",VLOOKUP($C12,'분양가테이블(부가세기입X)'!$A$6:$AF$358,23,FALSE)) -> 60835500 | AC12: =IF($C12="","",VLOOKUP($C12,'분양가테이블(부가세기입X)'!$A$6:$AF$358,3,FALSE)) -> 분양 | AE12: =IF($C12="","",VLOOKUP($C12,'분양가테이블(부가세기입X)'!$A$6:$AF$358,24,FALSE)) -> 1166935500 | AG12: =IF($C12="","",VLOOKUP($C12,'분양가테이블(부가세기입X)'!$A$6:$AF$358,3,FALSE)) -> 분양 | AI12: =IF($C12="","",VLOOKUP($C12,'분양가테이블(부가세기입X)'!$A$6:$AF$358,25,FALSE)) -> 116693550 | AK12: =IF($C12="","",VLOOKUP($C12,'분양가테이블(부가세기입X)'!$A$6:$AF$358,3,FALSE)) -> 분양 | AQ12: =AI12 -> 116693550 | AS12: =IF($C12="","",VLOOKUP($C12,'분양가테이블(부가세기입X)'!$A$6:$AF$358,3,FALSE)) -> 분양
E13: =IF($C13="","",VLOOKUP($C13,'분양가테이블(부가세기입X)'!$A$6:$AF$358,2,FALSE)) | I13: =IF($C13="","",VLOOKUP($C13,'분양가테이블(부가세기입X)'!$A$6:$AF$358,3,FALSE)) | K13: =IF($C13="","",VLOOKUP($C13,'분양가테이블(부가세기입X)'!$A$6:$AF$358,4,FALSE)) | M13: =IF($C13="","",VLOOKUP($C13,'분양가테이블(부가세기입X)'!$A$6:$AF$358,5,FALSE)) | O13: =IF($C13="","",VLOOKUP($C13,'분양가테이블(부가세기입X)'!$A$6:$AF$358,12,FALSE)) | Q13: =IF($C13="","",VLOOKUP($C13,'분양가테이블(부가세기입X)'!$A$6:$AF$358,13,FALSE)) | S13: =IF($C13="","",VLOOKUP($C13,'분양가테이블(부가세기입X)'!$A$6:$AF$358,6,FALSE)) | U13: =IF($C13="","",VLOOKUP($C13,'분양가테이블(부가세기입X)'!$A$6:$AF$358,7,FALSE)) | W13: =IF($C13="","",VLOOKUP($C13,'분양가테이블(부가세기입X)'!$A$6:$AF$358,22,FALSE)) | Y13: =IF($C13="","",VLOOKUP($C13,'분양가테이블(부가세기입X)'!$A$6:$AF$358,3,FALSE)) | AA13: =IF($C13="","",VLOOKUP($C13,'분양가테이블(부가세기입X)'!$A$6:$AF$358,23,FALSE)) | AC13: =IF($C13="","",VLOOKUP($C13,'분양가테이블(부가세기입X)'!$A$6:$AF$358,3,FALSE)) | AE13: =IF($C13="","",VLOOKUP($C13,'분양가테이블(부가세기입X)'!$A$6:$AF$358,24,FALSE)) | AG13: =IF($C13="","",VLOOKUP($C13,'분양가테이블(부가세기입X)'!$A$6:$AF$358,3,FALSE)) | AI13: =IF($C13="","",VLOOKUP($C13,'분양가테이블(부가세기입X)'!$A$6:$AF$358,25,FALSE)) | AK13: =IF($C13="","",VLOOKUP($C13,'분양가테이블(부가세기입X)'!$A$6:$AF$358,3,FALSE)) | AQ13: =AI13 | AS13: =IF($C13="","",VLOOKUP($C13,'분양가테이블(부가세기입X)'!$A$6:$AF$358,3,FALSE))
E14: =IF($C14="","",VLOOKUP($C14,'분양가테이블(부가세기입X)'!$A$6:$AF$358,2,FALSE)) | I14: =IF($C14="","",VLOOKUP($C14,'분양가테이블(부가세기입X)'!$A$6:$AF$358,3,FALSE)) | K14: =IF($C14="","",VLOOKUP($C14,'분양가테이블(부가세기입X)'!$A$6:$AF$358,4,FALSE)) | M14: =IF($C14="","",VLOOKUP($C14,'분양가테이블(부가세기입X)'!$A$6:$AF$358,5,FALSE)) | O14: =IF($C14="","",VLOOKUP($C14,'분양가테이블(부가세기입X)'!$A$6:$AF$358,12,FALSE)) | Q14: =IF($C14="","",VLOOKUP($C14,'분양가테이블(부가세기입X)'!$A$6:$AF$358,13,FALSE)) | S14: =IF($C14="","",VLOOKUP($C14,'분양가테이블(부가세기입X)'!$A$6:$AF$358,6,FALSE)) | U14: =IF($C14="","",VLOOKUP($C14,'분양가테이블(부가세기입X)'!$A$6:$AF$358,7,FALSE)) | W14: =IF($C14="","",VLOOKUP($C14,'분양가테이블(부가세기입X)'!$A$6:$AF$358,22,FALSE)) | Y14: =IF($C14="","",VLOOKUP($C14,'분양가테이블(부가세기입X)'!$A$6:$AF$358,3,FALSE)) | AA14: =IF($C14="","",VLOOKUP($C14,'분양가테이블(부가세기입X)'!$A$6:$AF$358,23,FALSE)) | AC14: =IF($C14="","",VLOOKUP($C14,'분양가테이블(부가세기입X)'!$A$6:$AF$358,3,FALSE)) | AE14: =IF($C14="","",VLOOKUP($C14,'분양가테이블(부가세기입X)'!$A$6:$AF$358,24,FALSE)) | AG14: =IF($C14="","",VLOOKUP($C14,'분양가테이블(부가세기입X)'!$A$6:$AF$358,3,FALSE)) | AI14: =IF($C14="","",VLOOKUP($C14,'분양가테이블(부가세기입X)'!$A$6:$AF$358,25,FALSE)) | AK14: =IF($C14="","",VLOOKUP($C14,'분양가테이블(부가세기입X)'!$A$6:$AF$358,3,FALSE)) | AQ14: =AI14 | AS14: =IF($C14="","",VLOOKUP($C14,'분양가테이블(부가세기입X)'!$A$6:$AF$358,3,FALSE))
E15: =IF($C15="","",VLOOKUP($C15,'분양가테이블(부가세기입X)'!$A$6:$AF$358,2,FALSE)) | I15: =IF($C15="","",VLOOKUP($C15,'분양가테이블(부가세기입X)'!$A$6:$AF$358,3,FALSE)) | K15: =IF($C15="","",VLOOKUP($C15,'분양가테이블(부가세기입X)'!$A$6:$AF$358,4,FALSE)) | M15: =IF($C15="","",VLOOKUP($C15,'분양가테이블(부가세기입X)'!$A$6:$AF$358,5,FALSE)) | O15: =IF($C15="","",VLOOKUP($C15,'분양가테이블(부가세기입X)'!$A$6:$AF$358,12,FALSE)) | Q15: =IF($C15="","",VLOOKUP($C15,'분양가테이블(부가세기입X)'!$A$6:$AF$358,13,FALSE)) | S15: =IF($C15="","",VLOOKUP($C15,'분양가테이블(부가세기입X)'!$A$6:$AF$358,6,FALSE)) | U15: =IF($C15="","",VLOOKUP($C15,'분양가테이블(부가세기입X)'!$A$6:$AF$358,7,FALSE)) | W15: =IF($C15="","",VLOOKUP($C15,'분양가테이블(부가세기입X)'!$A$6:$AF$358,22,FALSE)) | Y15: =IF($C15="","",VLOOKUP($C15,'분양가테이블(부가세기입X)'!$A$6:$AF$358,3,FALSE)) | AA15: =IF($C15="","",VLOOKUP($C15,'분양가테이블(부가세기입X)'!$A$6:$AF$358,23,FALSE)) | AC15: =IF($C15="","",VLOOKUP($C15,'분양가테이블(부가세기입X)'!$A$6:$AF$358,3,FALSE)) | AE15: =IF($C15="","",VLOOKUP($C15,'분양가테이블(부가세기입X)'!$A$6:$AF$358,24,FALSE)) | AG15: =IF($C15="","",VLOOKUP($C15,'분양가테이블(부가세기입X)'!$A$6:$AF$358,3,FALSE)) | AI15: =IF($C15="","",VLOOKUP($C15,'분양가테이블(부가세기입X)'!$A$6:$AF$358,25,FALSE)) | AK15: =IF($C15="","",VLOOKUP($C15,'분양가테이블(부가세기입X)'!$A$6:$AF$358,3,FALSE)) | AQ15: =AI15 | AS15: =IF($C15="","",VLOOKUP($C15,'분양가테이블(부가세기입X)'!$A$6:$AF$358,3,FALSE))
E16: =IF($C16="","",VLOOKUP($C16,'분양가테이블(부가세기입X)'!$A$6:$AF$358,2,FALSE)) | I16: =IF($C16="","",VLOOKUP($C16,'분양가테이블(부가세기입X)'!$A$6:$AF$358,3,FALSE)) | K16: =IF($C16="","",VLOOKUP($C16,'분양가테이블(부가세기입X)'!$A$6:$AF$358,4,FALSE)) | M16: =IF($C16="","",VLOOKUP($C16,'분양가테이블(부가세기입X)'!$A$6:$AF$358,5,FALSE)) | O16: =IF($C16="","",VLOOKUP($C16,'분양가테이블(부가세기입X)'!$A$6:$AF$358,12,FALSE)) | Q16: =IF($C16="","",VLOOKUP($C16,'분양가테이블(부가세기입X)'!$A$6:$AF$358,13,FALSE)) | S16: =IF($C16="","",VLOOKUP($C16,'분양가테이블(부가세기입X)'!$A$6:$AF$358,6,FALSE)) | U16: =IF($C16="","",VLOOKUP($C16,'분양가테이블(부가세기입X)'!$A$6:$AF$358,7,FALSE)) | W16: =IF($C16="","",VLOOKUP($C16,'분양가테이블(부가세기입X)'!$A$6:$AF$358,22,FALSE)) | Y16: =IF($C16="","",VLOOKUP($C16,'분양가테이블(부가세기입X)'!$A$6:$AF$358,3,FALSE)) | AA16: =IF($C16="","",VLOOKUP($C16,'분양가테이블(부가세기입X)'!$A$6:$AF$358,23,FALSE)) | AC16: =IF($C16="","",VLOOKUP($C16,'분양가테이블(부가세기입X)'!$A$6:$AF$358,3,FALSE)) | AE16: =IF($C16="","",VLOOKUP($C16,'분양가테이블(부가세기입X)'!$A$6:$AF$358,24,FALSE)) | AG16: =IF($C16="","",VLOOKUP($C16,'분양가테이블(부가세기입X)'!$A$6:$AF$358,3,FALSE)) | AI16: =IF($C16="","",VLOOKUP($C16,'분양가테이블(부가세기입X)'!$A$6:$AF$358,25,FALSE)) | AK16: =IF($C16="","",VLOOKUP($C16,'분양가테이블(부가세기입X)'!$A$6:$AF$358,3,FALSE)) | AQ16: =AI16 | AS16: =IF($C16="","",VLOOKUP($C16,'분양가테이블(부가세기입X)'!$A$6:$AF$358,3,FALSE))
E17: =IF($C17="","",VLOOKUP($C17,'분양가테이블(부가세기입X)'!$A$6:$AF$358,2,FALSE)) | I17: =IF($C17="","",VLOOKUP($C17,'분양가테이블(부가세기입X)'!$A$6:$AF$358,3,FALSE)) | K17: =IF($C17="","",VLOOKUP($C17,'분양가테이블(부가세기입X)'!$A$6:$AF$358,4,FALSE)) | M17: =IF($C17="","",VLOOKUP($C17,'분양가테이블(부가세기입X)'!$A$6:$AF$358,5,FALSE)) | O17: =IF($C17="","",VLOOKUP($C17,'분양가테이블(부가세기입X)'!$A$6:$AF$358,12,FALSE)) | Q17: =IF($C17="","",VLOOKUP($C17,'분양가테이블(부가세기입X)'!$A$6:$AF$358,13,FALSE)) | S17: =IF($C17="","",VLOOKUP($C17,'분양가테이블(부가세기입X)'!$A$6:$AF$358,6,FALSE)) | U17: =IF($C17="","",VLOOKUP($C17,'분양가테이블(부가세기입X)'!$A$6:$AF$358,7,FALSE)) | W17: =IF($C17="","",VLOOKUP($C17,'분양가테이블(부가세기입X)'!$A$6:$AF$358,22,FALSE)) | Y17: =IF($C17="","",VLOOKUP($C17,'분양가테이블(부가세기입X)'!$A$6:$AF$358,3,FALSE)) | AA17: =IF($C17="","",VLOOKUP($C17,'분양가테이블(부가세기입X)'!$A$6:$AF$358,23,FALSE)) | AC17: =IF($C17="","",VLOOKUP($C17,'분양가테이블(부가세기입X)'!$A$6:$AF$358,3,FALSE)) | AE17: =IF($C17="","",VLOOKUP($C17,'분양가테이블(부가세기입X)'!$A$6:$AF$358,24,FALSE)) | AG17: =IF($C17="","",VLOOKUP($C17,'분양가테이블(부가세기입X)'!$A$6:$AF$358,3,FALSE)) | AI17: =IF($C17="","",VLOOKUP($C17,'분양가테이블(부가세기입X)'!$A$6:$AF$358,25,FALSE)) | AK17: =IF($C17="","",VLOOKUP($C17,'분양가테이블(부가세기입X)'!$A$6:$AF$358,3,FALSE)) | AQ17: =AI17 | AS17: =IF($C17="","",VLOOKUP($C17,'분양가테이블(부가세기입X)'!$A$6:$AF$358,3,FALSE))
E18: =IF($C18="","",VLOOKUP($C18,'분양가테이블(부가세기입X)'!$A$6:$AF$358,2,FALSE)) | I18: =IF($C18="","",VLOOKUP($C18,'분양가테이블(부가세기입X)'!$A$6:$AF$358,3,FALSE)) | K18: =IF($C18="","",VLOOKUP($C18,'분양가테이블(부가세기입X)'!$A$6:$AF$358,4,FALSE)) | M18: =IF($C18="","",VLOOKUP($C18,'분양가테이블(부가세기입X)'!$A$6:$AF$358,5,FALSE)) | O18: =IF($C18="","",VLOOKUP($C18,'분양가테이블(부가세기입X)'!$A$6:$AF$358,12,FALSE)) | Q18: =IF($C18="","",VLOOKUP($C18,'분양가테이블(부가세기입X)'!$A$6:$AF$358,13,FALSE)) | S18: =IF($C18="","",VLOOKUP($C18,'분양가테이블(부가세기입X)'!$A$6:$AF$358,6,FALSE)) | U18: =IF($C18="","",VLOOKUP($C18,'분양가테이블(부가세기입X)'!$A$6:$AF$358,7,FALSE)) | W18: =IF($C18="","",VLOOKUP($C18,'분양가테이블(부가세기입X)'!$A$6:$AF$358,22,FALSE)) | Y18: =IF($C18="","",VLOOKUP($C18,'분양가테이블(부가세기입X)'!$A$6:$AF$358,3,FALSE)) | AA18: =IF($C18="","",VLOOKUP($C18,'분양가테이블(부가세기입X)'!$A$6:$AF$358,23,FALSE)) | AC18: =IF($C18="","",VLOOKUP($C18,'분양가테이블(부가세기입X)'!$A$6:$AF$358,3,FALSE)) | AE18: =IF($C18="","",VLOOKUP($C18,'분양가테이블(부가세기입X)'!$A$6:$AF$358,24,FALSE)) | AG18: =IF($C18="","",VLOOKUP($C18,'분양가테이블(부가세기입X)'!$A$6:$AF$358,3,FALSE)) | AI18: =IF($C18="","",VLOOKUP($C18,'분양가테이블(부가세기입X)'!$A$6:$AF$358,25,FALSE)) | AK18: =IF($C18="","",VLOOKUP($C18,'분양가테이블(부가세기입X)'!$A$6:$AF$358,3,FALSE)) | AQ18: =AI18 | AS18: =IF($C18="","",VLOOKUP($C18,'분양가테이블(부가세기입X)'!$A$6:$AF$358,3,FALSE))
E19: =IF($C19="","",VLOOKUP($C19,'분양가테이블(부가세기입X)'!$A$6:$AF$358,2,FALSE)) | I19: =IF($C19="","",VLOOKUP($C19,'분양가테이블(부가세기입X)'!$A$6:$AF$358,3,FALSE)) | K19: =IF($C19="","",VLOOKUP($C19,'분양가테이블(부가세기입X)'!$A$6:$AF$358,4,FALSE)) | M19: =IF($C19="","",VLOOKUP($C19,'분양가테이블(부가세기입X)'!$A$6:$AF$358,5,FALSE)) | O19: =IF($C19="","",VLOOKUP($C19,'분양가테이블(부가세기입X)'!$A$6:$AF$358,12,FALSE)) | Q19: =IF($C19="","",VLOOKUP($C19,'분양가테이블(부가세기입X)'!$A$6:$AF$358,13,FALSE)) | S19: =IF($C19="","",VLOOKUP($C19,'분양가테이블(부가세기입X)'!$A$6:$AF$358,6,FALSE)) | U19: =IF($C19="","",VLOOKUP($C19,'분양가테이블(부가세기입X)'!$A$6:$AF$358,7,FALSE)) | W19: =IF($C19="","",VLOOKUP($C19,'분양가테이블(부가세기입X)'!$A$6:$AF$358,22,FALSE)) | Y19: =IF($C19="","",VLOOKUP($C19,'분양가테이블(부가세기입X)'!$A$6:$AF$358,3,FALSE)) | AA19: =IF($C19="","",VLOOKUP($C19,'분양가테이블(부가세기입X)'!$A$6:$AF$358,23,FALSE)) | AC19: =IF($C19="","",VLOOKUP($C19,'분양가테이블(부가세기입X)'!$A$6:$AF$358,3,FALSE)) | AE19: =IF($C19="","",VLOOKUP($C19,'분양가테이블(부가세기입X)'!$A$6:$AF$358,24,FALSE)) | AG19: =IF($C19="","",VLOOKUP($C19,'분양가테이블(부가세기입X)'!$A$6:$AF$358,3,FALSE)) | AI19: =IF($C19="","",VLOOKUP($C19,'분양가테이블(부가세기입X)'!$A$6:$AF$358,25,FALSE)) | AK19: =IF($C19="","",VLOOKUP($C19,'분양가테이블(부가세기입X)'!$A$6:$AF$358,3,FALSE)) | AQ19: =AI19 | AS19: =IF($C19="","",VLOOKUP($C19,'분양가테이블(부가세기입X)'!$A$6:$AF$358,3,FALSE))
E20: =IF($C20="","",VLOOKUP($C20,'분양가테이블(부가세기입X)'!$A$6:$AF$358,2,FALSE)) | I20: =IF($C20="","",VLOOKUP($C20,'분양가테이블(부가세기입X)'!$A$6:$AF$358,3,FALSE)) | K20: =IF($C20="","",VLOOKUP($C20,'분양가테이블(부가세기입X)'!$A$6:$AF$358,4,FALSE)) | M20: =IF($C20="","",VLOOKUP($C20,'분양가테이블(부가세기입X)'!$A$6:$AF$358,5,FALSE)) | O20: =IF($C20="","",VLOOKUP($C20,'분양가테이블(부가세기입X)'!$A$6:$AF$358,12,FALSE)) | Q20: =IF($C20="","",VLOOKUP($C20,'분양가테이블(부가세기입X)'!$A$6:$AF$358,13,FALSE)) | S20: =IF($C20="","",VLOOKUP($C20,'분양가테이블(부가세기입X)'!$A$6:$AF$358,6,FALSE)) | U20: =IF($C20="","",VLOOKUP($C20,'분양가테이블(부가세기입X)'!$A$6:$AF$358,7,FALSE)) | W20: =IF($C20="","",VLOOKUP($C20,'분양가테이블(부가세기입X)'!$A$6:$AF$358,22,FALSE)) | Y20: =IF($C20="","",VLOOKUP($C20,'분양가테이블(부가세기입X)'!$A$6:$AF$358,3,FALSE)) | AA20: =IF($C20="","",VLOOKUP($C20,'분양가테이블(부가세기입X)'!$A$6:$AF$358,23,FALSE)) | AC20: =IF($C20="","",VLOOKUP($C20,'분양가테이블(부가세기입X)'!$A$6:$AF$358,3,FALSE)) | AE20: =IF($C20="","",VLOOKUP($C20,'분양가테이블(부가세기입X)'!$A$6:$AF$358,24,FALSE)) | AG20: =IF($C20="","",VLOOKUP($C20,'분양가테이블(부가세기입X)'!$A$6:$AF$358,3,FALSE)) | AI20: =IF($C20="","",VLOOKUP($C20,'분양가테이블(부가세기입X)'!$A$6:$AF$358,25,FALSE)) | AK20: =IF($C20="","",VLOOKUP($C20,'분양가테이블(부가세기입X)'!$A$6:$AF$358,3,FALSE)) | AQ20: =AI20 | AS20: =IF($C20="","",VLOOKUP($C20,'분양가테이블(부가세기입X)'!$A$6:$AF$358,3,FALSE))
E21: =IF($C21="","",VLOOKUP($C21,'분양가테이블(부가세기입X)'!$A$6:$AF$358,2,FALSE)) | I21: =IF($C21="","",VLOOKUP($C21,'분양가테이블(부가세기입X)'!$A$6:$AF$358,3,FALSE)) | K21: =IF($C21="","",VLOOKUP($C21,'분양가테이블(부가세기입X)'!$A$6:$AF$358,4,FALSE)) | M21: =IF($C21="","",VLOOKUP($C21,'분양가테이블(부가세기입X)'!$A$6:$AF$358,5,FALSE)) | O21: =IF($C21="","",VLOOKUP($C21,'분양가테이블(부가세기입X)'!$A$6:$AF$358,12,FALSE)) | Q21: =IF($C21="","",VLOOKUP($C21,'분양가테이블(부가세기입X)'!$A$6:$AF$358,13,FALSE)) | S21: =IF($C21="","",VLOOKUP($C21,'분양가테이블(부가세기입X)'!$A$6:$AF$358,6,FALSE)) | U21: =IF($C21="","",VLOOKUP($C21,'분양가테이블(부가세기입X)'!$A$6:$AF$358,7,FALSE)) | W21: =IF($C21="","",VLOOKUP($C21,'분양가테이블(부가세기입X)'!$A$6:$AF$358,22,FALSE)) | Y21: =IF($C21="","",VLOOKUP($C21,'분양가테이블(부가세기입X)'!$A$6:$AF$358,3,FALSE)) | AA21: =IF($C21="","",VLOOKUP($C21,'분양가테이블(부가세기입X)'!$A$6:$AF$358,23,FALSE)) | AC21: =IF($C21="","",VLOOKUP($C21,'분양가테이블(부가세기입X)'!$A$6:$AF$358,3,FALSE)) | AE21: =IF($C21="","",VLOOKUP($C21,'분양가테이블(부가세기입X)'!$A$6:$AF$358,24,FALSE)) | AG21: =IF($C21="","",VLOOKUP($C21,'분양가테이블(부가세기입X)'!$A$6:$AF$358,3,FALSE)) | AI21: =IF($C21="","",VLOOKUP($C21,'분양가테이블(부가세기입X)'!$A$6:$AF$358,25,FALSE)) | AK21: =IF($C21="","",VLOOKUP($C21,'분양가테이블(부가세기입X)'!$A$6:$AF$358,3,FALSE)) | AQ21: =AI21 | AS21: =IF($C21="","",VLOOKUP($C21,'분양가테이블(부가세기입X)'!$A$6:$AF$358,3,FALSE))
E22: =IF($C22="","",VLOOKUP($C22,'분양가테이블(부가세기입X)'!$A$6:$AF$358,2,FALSE)) | I22: =IF($C22="","",VLOOKUP($C22,'분양가테이블(부가세기입X)'!$A$6:$AF$358,3,FALSE)) | K22: =IF($C22="","",VLOOKUP($C22,'분양가테이블(부가세기입X)'!$A$6:$AF$358,4,FALSE)) | M22: =IF($C22="","",VLOOKUP($C22,'분양가테이블(부가세기입X)'!$A$6:$AF$358,5,FALSE)) | O22: =IF($C22="","",VLOOKUP($C22,'분양가테이블(부가세기입X)'!$A$6:$AF$358,12,FALSE)) | Q22: =IF($C22="","",VLOOKUP($C22,'분양가테이블(부가세기입X)'!$A$6:$AF$358,13,FALSE)) | S22: =IF($C22="","",VLOOKUP($C22,'분양가테이블(부가세기입X)'!$A$6:$AF$358,6,FALSE)) | U22: =IF($C22="","",VLOOKUP($C22,'분양가테이블(부가세기입X)'!$A$6:$AF$358,7,FALSE)) | W22: =IF($C22="","",VLOOKUP($C22,'분양가테이블(부가세기입X)'!$A$6:$AF$358,22,FALSE)) | Y22: =IF($C22="","",VLOOKUP($C22,'분양가테이블(부가세기입X)'!$A$6:$AF$358,3,FALSE)) | AA22: =IF($C22="","",VLOOKUP($C22,'분양가테이블(부가세기입X)'!$A$6:$AF$358,23,FALSE)) | AC22: =IF($C22="","",VLOOKUP($C22,'분양가테이블(부가세기입X)'!$A$6:$AF$358,3,FALSE)) | AE22: =IF($C22="","",VLOOKUP($C22,'분양가테이블(부가세기입X)'!$A$6:$AF$358,24,FALSE)) | AG22: =IF($C22="","",VLOOKUP($C22,'분양가테이블(부가세기입X)'!$A$6:$AF$358,3,FALSE)) | AI22: =IF($C22="","",VLOOKUP($C22,'분양가테이블(부가세기입X)'!$A$6:$AF$358,25,FALSE)) | AK22: =IF($C22="","",VLOOKUP($C22,'분양가테이블(부가세기입X)'!$A$6:$AF$358,3,FALSE)) | AQ22: =AI22 | AS22: =IF($C22="","",VLOOKUP($C22,'분양가테이블(부가세기입X)'!$A$6:$AF$358,3,FALSE))
E23: =IF($C23="","",VLOOKUP($C23,'분양가테이블(부가세기입X)'!$A$6:$AF$358,2,FALSE)) | I23: =IF($C23="","",VLOOKUP($C23,'분양가테이블(부가세기입X)'!$A$6:$AF$358,3,FALSE)) | K23: =IF($C23="","",VLOOKUP($C23,'분양가테이블(부가세기입X)'!$A$6:$AF$358,4,FALSE)) | M23: =IF($C23="","",VLOOKUP($C23,'분양가테이블(부가세기입X)'!$A$6:$AF$358,5,FALSE)) | O23: =IF($C23="","",VLOOKUP($C23,'분양가테이블(부가세기입X)'!$A$6:$AF$358,12,FALSE)) | Q23: =IF($C23="","",VLOOKUP($C23,'분양가테이블(부가세기입X)'!$A$6:$AF$358,13,FALSE)) | S23: =IF($C23="","",VLOOKUP($C23,'분양가테이블(부가세기입X)'!$A$6:$AF$358,6,FALSE)) | U23: =IF($C23="","",VLOOKUP($C23,'분양가테이블(부가세기입X)'!$A$6:$AF$358,7,FALSE)) | W23: =IF($C23="","",VLOOKUP($C23,'분양가테이블(부가세기입X)'!$A$6:$AF$358,22,FALSE)) | Y23: =IF($C23="","",VLOOKUP($C23,'분양가테이블(부가세기입X)'!$A$6:$AF$358,3,FALSE)) | AA23: =IF($C23="","",VLOOKUP($C23,'분양가테이블(부가세기입X)'!$A$6:$AF$358,23,FALSE)) | AC23: =IF($C23="","",VLOOKUP($C23,'분양가테이블(부가세기입X)'!$A$6:$AF$358,3,FALSE)) | AE23: =IF($C23="","",VLOOKUP($C23,'분양가테이블(부가세기입X)'!$A$6:$AF$358,24,FALSE)) | AG23: =IF($C23="","",VLOOKUP($C23,'분양가테이블(부가세기입X)'!$A$6:$AF$358,3,FALSE)) | AI23: =IF($C23="","",VLOOKUP($C23,'분양가테이블(부가세기입X)'!$A$6:$AF$358,25,FALSE)) | AK23: =IF($C23="","",VLOOKUP($C23,'분양가테이블(부가세기입X)'!$A$6:$AF$358,3,FALSE)) | AQ23: =AI23 | AS23: =IF($C23="","",VLOOKUP($C23,'분양가테이블(부가세기입X)'!$A$6:$AF$358,3,FALSE))
E24: =IF($C24="","",VLOOKUP($C24,'분양가테이블(부가세기입X)'!$A$6:$AF$358,2,FALSE)) | I24: =IF($C24="","",VLOOKUP($C24,'분양가테이블(부가세기입X)'!$A$6:$AF$358,3,FALSE)) | K24: =IF($C24="","",VLOOKUP($C24,'분양가테이블(부가세기입X)'!$A$6:$AF$358,4,FALSE)) | M24: =IF($C24="","",VLOOKUP($C24,'분양가테이블(부가세기입X)'!$A$6:$AF$358,5,FALSE)) | O24: =IF($C24="","",VLOOKUP($C24,'분양가테이블(부가세기입X)'!$A$6:$AF$358,12,FALSE)) | Q24: =IF($C24="","",VLOOKUP($C24,'분양가테이블(부가세기입X)'!$A$6:$AF$358,13,FALSE)) | S24: =IF($C24="","",VLOOKUP($C24,'분양가테이블(부가세기입X)'!$A$6:$AF$358,6,FALSE)) | U24: =IF($C24="","",VLOOKUP($C24,'분양가테이블(부가세기입X)'!$A$6:$AF$358,7,FALSE)) | W24: =IF($C24="","",VLOOKUP($C24,'분양가테이블(부가세기입X)'!$A$6:$AF$358,22,FALSE)) | Y24: =IF($C24="","",VLOOKUP($C24,'분양가테이블(부가세기입X)'!$A$6:$AF$358,3,FALSE)) | AA24: =IF($C24="","",VLOOKUP($C24,'분양가테이블(부가세기입X)'!$A$6:$AF$358,23,FALSE)) | AC24: =IF($C24="","",VLOOKUP($C24,'분양가테이블(부가세기입X)'!$A$6:$AF$358,3,FALSE)) | AE24: =IF($C24="","",VLOOKUP($C24,'분양가테이블(부가세기입X)'!$A$6:$AF$358,24,FALSE)) | AG24: =IF($C24="","",VLOOKUP($C24,'분양가테이블(부가세기입X)'!$A$6:$AF$358,3,FALSE)) | AI24: =IF($C24="","",VLOOKUP($C24,'분양가테이블(부가세기입X)'!$A$6:$AF$358,25,FALSE)) | AK24: =IF($C24="","",VLOOKUP($C24,'분양가테이블(부가세기입X)'!$A$6:$AF$358,3,FALSE)) | AQ24: =AI24 | AS24: =IF($C24="","",VLOOKUP($C24,'분양가테이블(부가세기입X)'!$A$6:$AF$358,3,FALSE))
... E37: =IF($C37="","",VLOOKUP($C37,'분양가테이블(부가세기입X)'!$A$6:$AF$358,2,FALSE)) | I37: =IF($C37="","",VLOOKUP($C37,'분양가테이블(부가세기입X)'!$A$6:$AF$358,3,FALSE)) | K37: =IF($C37="","",VLOOKUP($C37,'분양가테이블(부가세기입X)'!$A$6:$AF$358,4,FALSE)) | M37: =IF($C37="","",VLOOKUP($C37,'분양가테이블(부가세기입X)'!$A$6:$AF$358,5,FALSE)) | O37: =IF($C37="","",VLOOKUP($C37,'분양가테이블(부가세기입X)'!$A$6:$AF$358,12,FALSE)) | Q37: =IF($C37="","",VLOOKUP($C37,'분양가테이블(부가세기입X)'!$A$6:$AF$358,13,FALSE)) | S37: =IF($C37="","",VLOOKUP($C37,'분양가테이블(부가세기입X)'!$A$6:$AF$358,6,FALSE)) | U37: =IF($C37="","",VLOOKUP($C37,'분양가테이블(부가세기입X)'!$A$6:$AF$358,7,FALSE)) | W37: =IF($C37="","",VLOOKUP($C37,'분양가테이블(부가세기입X)'!$A$6:$AF$358,22,FALSE)) | Y37: =IF($C37="","",VLOOKUP($C37,'분양가테이블(부가세기입X)'!$A$6:$AF$358,3,FALSE)) | AA37: =IF($C37="","",VLOOKUP($C37,'분양가테이블(부가세기입X)'!$A$6:$AF$358,23,FALSE)) | AC37: =IF($C37="","",VLOOKUP($C37,'분양가테이블(부가세기입X)'!$A$6:$AF$358,3,FALSE)) | AE37: =IF($C37="","",VLOOKUP($C37,'분양가테이블(부가세기입X)'!$A$6:$AF$358,24,FALSE)) | AG37: =IF($C37="","",VLOOKUP($C37,'분양가테이블(부가세기입X)'!$A$6:$AF$358,3,FALSE)) | AI37: =IF($C37="","",VLOOKUP($C37,'분양가테이블(부가세기입X)'!$A$6:$AF$358,25,FALSE)) | AK37: =IF($C37="","",VLOOKUP($C37,'분양가테이블(부가세기입X)'!$A$6:$AF$358,3,FALSE)) | AQ37: =AI37 | AS37: =IF($C37="","",VLOOKUP($C37,'분양가테이블(부가세기입X)'!$A$6:$AF$358,3,FALSE))
C38: 합 계 | K38: =SUM(K10:L37) -> 296.54 | M38: =SUM(M10:N37) -> 89.70335 | O38: =SUM(O10:P37) -> 350.42 | Q38: =SUM(Q10:R37) -> 106.00205 | S38: =SUM(S10:T37) -> 646.96 | U38: =SUM(U10:V37) -> 195.7054 | W38: =SUM(W10:Z37) -> 4337400000 | AA38: =SUM(AA10:AD37) -> 2.38557e+08 | AE38: =SUM(AE10:AH37) -> 4575957000 | AI38: =SUM(AI10:AL37) -> 457595700 | AM38: =SUM(AM10:AP37) -> 0 | AQ38: =SUM(AQ10:AT37) -> 457595700 | AU38: -
C40: 2. 납부조건 (분양호실에 해당) | V40: [단위: 원] | AB40: 3. 납부조건 (임대호실에 해당) | AU40: [단위: 원]
C41: 구분 | G41: 비율 | I41: 납부일자 | M41: 공급가액 | Q41: 부가세 | U41: 총 분양가 | AB41: 구분 | AF41: 비율 | AH41: 납부일자 | AL41: 보증금 | AQ41: 임대가 | AU41: 비고
C42: 계약금 | G42: 0.1 | I42: 계약일 | M42: =W38*10% -> 433740000 | Q42: =AA38*10% -> 23855700 | U42: =M42+Q42 -> 457595700 | AB42: 계약보증금 | AF42: 1 | AH42: -
C43: 중도금 | G43: - | I43: - | M43: - | Q43: - | U43: - | AB43: 계약금 | AF43: 0.1 | AH43: 계약일
C44: 잔금 | G44: 0.9 | I44: 입주지정일 | M44: =W38*90% -> 3903660000 | Q44: =AA38*90% -> 2.147013e+08 | U44: =M44+Q44 -> 4118361300 | AB44: 중도금 | AF44: - | AH44: 해당없음
C45: 합계 | G45: 1 | I45: - | M45: =W38 -> 4337400000 | Q45: =AA38 -> 2.38557e+08 | U45: =M45+Q45 -> 4575957000 | AB45: 잔금 | AF45: 0.9 | AH45: 입주지정일
C47: 4. 계약금 입금계좌 | W47: 5. 계약시 구비서류
C48: 은행명 | G48: 계좌번호 | P48: 예금주 | W48: 개인 | AB48: 정부수입인지 (사본제출, 원본 계약자 보관 필수) 인감증명서 1부, 주민등록등본 1부, 신분증 사본(복사), 개인인감도장
C49: IBK기업은행 | G49: 694-022383-01-022 | P49: 신한자산신탁 주식회사
W50: 개인 사업자 | AB50: 정부수입인지 (사본제출, 원본 계약자 보관 필수) 인감증명서 1부, 주민등록등본 1부, 대표자 신분증 사본(복사), 사업자등록증 1부, 개인 인감도장
C51: 입금 표기 예시 (필독)
C52: 호실+계약자명or상호명 = (예시) 101호 홍길동 / 101호 홍길동산업 | W52: 법인 사업자 | AB52: 정부수입인지 (사본제출, 원본 계약자 보관 필수) 법인인감증명서 1부, 법인등기부등본 1부, 대표자 신분증 사본(복사), 사업자등록증 1부, 법인 인감도장
C54: ※ 계약금 입금 전 계좌번호 확인 후 담당자에게 연락하여 입금하시길 바랍니다. | W54: ※ 대리인 계약시: 상기 구비서류 외 위임장 1부, 계약자 인감증명서(위임용) 2부, 대리인 신분증 필수

Sheet 클라우드힐스 임대분 견적서
BB1: *필독사항
BB2: 1. 호실 외 면적 및 금액, 용도 납부일자 비율등의 수치를 변경하지 말 것.
BB3: 2. 견적서의 내용 중 특이사항이나 문제가 될 내용이 있을 시엔 유케이아이디로 문의 부탁드립니다.
AT5: 작성일: | AV5: =TODAY() -> 45860
C6: 1. 임대호실 견적서 | AU6: [단위: 원]
C7: 호실 | E7: 용도 | K7: 면적 | W7: 월임대료 (VAT 별도) | AA7: 부가세 | AE7: 총 월임대료 (VAT 포함) | AI7: 보증금(계약금) | AM7: 납입금 | AU7: 총 보증금
K8: 전용면적 | O8: 공용면적 | S8: 분양면적 | AM8: 청약 납입금 | AQ8: 계약 납입금
K9: ㎡ | M9: 평 | O9: ㎡ | Q9: 평 | S9: ㎡ | U9: 평 | AI9: 0.1 | AM9: A | AQ9: B
E10: =IF($C10="","",VLOOKUP($C10,'분양가테이블(부가세기입X)'!$A$6:$AF$400,2,FALSE)) | I10: =IF($C10="","",VLOOKUP($C10,'분양가테이블(부가세기입X)'!$A$6:$AF$400,3,FALSE)) | K10: =IF($C10="","",VLOOKUP($C10,'분양가테이블(부가세기입X)'!$A$6:$AF$400,4,FALSE)) | M10: =IF($C10="","",VLOOKUP($C10,'분양가테이블(부가세기입X)'!$A$6:$AF$400,5,FALSE)) | O10: =IF($C10="","",VLOOKUP($C10,'분양가테이블(부가세기입X)'!$A$6:$AF$400,12,FALSE)) | Q10: =IF($C10="","",VLOOKUP($C10,'분양가테이블(부가세기입X)'!$A$6:$AF$400,13,FALSE)) | S10: =IF($C10="","",VLOOKUP($C10,'분양가테이블(부가세기입X)'!$A$6:$AF$400,6,FALSE)) | U10: =IF($C10="","",VLOOKUP($C10,'분양가테이블(부가세기입X)'!$A$6:$AF$400,7,FALSE)) | W10: =IF($C10="","",VLOOKUP($C10,'분양가테이블(부가세기입X)'!$A$6:$AF$400,17,FALSE)) | AA10: =IF($C10="","",VLOOKUP($C10,'분양가테이블(부가세기입X)'!$A$6:$AF$400,23,FALSE)) | AE10: =IF($C10="","",VLOOKUP($C10,'분양가테이블(부가세기입X)'!$A$6:$AF$400,24,FALSE)) | AI10: =IF($C10="","",VLOOKUP($C10,'분양가테이블(부가세기입X)'!$A$6:$AF$400,26,FALSE)) | AQ10: =AI10 | AU10: =IF($C10="","",VLOOKUP($C10,'분양가테이블(부가세기입X)'!$A$6:$AF$400,18,FALSE))
C11: bt-1104 | E11: =IF($C11="","",VLOOKUP($C11,'분양가테이블(부가세기입X)'!$A$6:$AF$400,2,FALSE)) -> 업무시설(지식산업센터) | I11: =IF($C11="","",VLOOKUP($C11,'분양가테이블(부가세기입X)'!$A$6:$AF$400,3,FALSE)) -> 임대 | K11: =IF($C11="","",VLOOKUP($C11,'분양가테이블(부가세기입X)'!$A$6:$AF$400,4,FALSE)) -> 81.69 | M11: =IF($C11="","",VLOOKUP($C11,'분양가테이블(부가세기입X)'!$A$6:$AF$400,5,FALSE)) -> 24.711225 | O11: =IF($C11="","",VLOOKUP($C11,'분양가테이블(부가세기입X)'!$A$6:$AF$400,12,FALSE)) -> 96.53 | Q11: =IF($C11="","",VLOOKUP($C11,'분양가테이블(부가세기입X)'!$A$6:$AF$400,13,FALSE)) -> 29.200325 | S11: =IF($C11="","",VLOOKUP($C11,'분양가테이블(부가세기입X)'!$A$6:$AF$400,6,FALSE)) -> 178.22 | U11: =IF($C11="","",VLOOKUP($C11,'분양가테이블(부가세기입X)'!$A$6:$AF$400,7,FALSE)) -> 53.91155 | W11: =IF($C11="","",VLOOKUP($C11,'분양가테이블(부가세기입X)'!$A$6:$AF$400,17,FALSE)) -> 2857000 | AA11: =IF($C11="","",VLOOKUP($C11,'분양가테이블(부가세기입X)'!$A$6:$AF$400,23,FALSE)) -> 285700 | AE11: =IF($C11="","",VLOOKUP($C11,'분양가테이블(부가세기입X)'!$A$6:$AF$400,24,FALSE)) -> 3142700 | AI11: =IF($C11="","",VLOOKUP($C11,'분양가테이블(부가세기입X)'!$A$6:$AF$400,26,FALSE)) -> 2857000 | AQ11: =AI11 -> 2857000 | AU11: =IF($C11="","",VLOOKUP($C11,'분양가테이블(부가세기입X)'!$A$6:$AF$400,18,FALSE)) -> 28570000
C12: bt-1105 | E12: =IF($C12="","",VLOOKUP($C12,'분양가테이블(부가세기입X)'!$A$6:$AF$400,2,FALSE)) -> 업무시설(지식산업센터) | I12: =IF($C12="","",VLOOKUP($C12,'분양가테이블(부가세기입X)'!$A$6:$AF$400,3,FALSE)) -> 임대 | K12: =IF($C12="","",VLOOKUP($C12,'분양가테이블(부가세기입X)'!$A$6:$AF$400,4,FALSE)) -> 81.69 | M12: =IF($C12="","",VLOOKUP($C12,'분양가테이블(부가세기입X)'!$A$6:$AF$400,5,FALSE)) -> 24.711225 | O12: =IF($C12="","",VLOOKUP($C12,'분양가테이블(부가세기입X)'!$A$6:$AF$400,12,FALSE)) -> 96.53 | Q12: =IF($C12="","",VLOOKUP($C12,'분양가테이블(부가세기입X)'!$A$6:$AF$400,13,FALSE)) -> 29.200325 | S12: =IF($C12="","",VLOOKUP($C12,'분양가테이블(부가세기입X)'!$A$6:$AF$400,6,FALSE)) -> 178.22 | U12: =IF($C12="","",VLOOKUP($C12,'분양가테이블(부가세기입X)'!$A$6:$AF$400,7,FALSE)) -> 53.91155 | W12: =IF($C12="","",VLOOKUP($C12,'분양가테이블(부가세기입X)'!$A$6:$AF$400,17,FALSE)) -> 2857000 | AA12: =IF($C12="","",VLOOKUP($C12,'분양가테이블(부가세기입X)'!$A$6:$AF$400,23,FALSE)) -> 285700 | AE12: =IF($C12="","",VLOOKUP($C12,'분양가테이블(부가세기입X)'!$A$6:$AF$400,24,FALSE)) -> 3142700 | AI12: =IF($C12="","",VLOOKUP($C12,'분양가테이블(부가세기입X)'!$A$6:$AF$400,26,FALSE)) -> 2857000 | AQ12: =AI12 -> 2857000 | AU12: =IF($C12="","",VLOOKUP($C12,'분양가테이블(부가세기입X)'!$A$6:$AF$400,18,FALSE)) -> 28570000
C13: bt-1107 | E13: =IF($C13="","",VLOOKUP($C13,'분양가테이블(부가세기입X)'!$A$6:$AF$400,2,FALSE)) -> 업무시설(지식산업센터) | I13: =IF($C13="","",VLOOKUP($C13,'분양가테이블(부가세기입X)'!$A$6:$AF$400,3,FALSE)) -> 임대 | K13: =IF($C13="","",VLOOKUP($C13,'분양가테이블(부가세기입X)'!$A$6:$AF$400,4,FALSE)) -> 81.69 | M13: =IF($C13="","",VLOOKUP($C13,'분양가테이블(부가세기입X)'!$A$6:$AF$400,5,FALSE)) -> 24.711225 | O13: =IF($C13="","",VLOOKUP($C13,'분양가테이블(부가세기입X)'!$A$6:$AF$400,12,FALSE)) -> 96.53 | Q13: =IF($C13="","",VLOOKUP($C13,'분양가테이블(부가세기입X)'!$A$6:$AF$400,13,FALSE)) -> 29.200325 | S13: =IF($C13="","",VLOOKUP($C13,'분양가테이블(부가세기입X)'!$A$6:$AF$400,6,FALSE)) -> 178.22 | U13: =IF($C13="","",VLOOKUP($C13,'분양가테이블(부가세기입X)'!$A$6:$AF$400,7,FALSE)) -> 53.91155 | W13: =IF($C13="","",VLOOKUP($C13,'분양가테이블(부가세기입X)'!$A$6:$AF$400,17,FALSE)) -> 2857000 | AA13: =IF($C13="","",VLOOKUP($C13,'분양가테이블(부가세기입X)'!$A$6:$AF$400,23,FALSE)) -> 285700 | AE13: =IF($C13="","",VLOOKUP($C13,'분양가테이블(부가세기입X)'!$A$6:$AF$400,24,FALSE)) -> 3142700 | AI13: =IF($C13="","",VLOOKUP($C13,'분양가테이블(부가세기입X)'!$A$6:$AF$400,26,FALSE)) -> 2857000 | AQ13: =AI13 -> 2857000 | AU13: =IF($C13="","",VLOOKUP($C13,'분양가테이블(부가세기입X)'!$A$6:$AF$400,18,FALSE)) -> 28570000
E14: =IF($C14="","",VLOOKUP($C14,'분양가테이블(부가세기입X)'!$A$6:$AF$400,2,FALSE)) | I14: =IF($C14="","",VLOOKUP($C14,'분양가테이블(부가세기입X)'!$A$6:$AF$400,3,FALSE)) | K14: =IF($C14="","",VLOOKUP($C14,'분양가테이블(부가세기입X)'!$A$6:$AF$400,4,FALSE)) | M14: =IF($C14="","",VLOOKUP($C14,'분양가테이블(부가세기입X)'!$A$6:$AF$400,5,FALSE)) | O14: =IF($C14="","",VLOOKUP($C14,'분양가테이블(부가세기입X)'!$A$6:$AF$400,12,FALSE)) | Q14: =IF($C14="","",VLOOKUP($C14,'분양가테이블(부가세기입X)'!$A$6:$AF$400,13,FALSE)) | S14: =IF($C14="","",VLOOKUP($C14,'분양가테이블(부가세기입X)'!$A$6:$AF$400,6,FALSE)) | U14: =IF($C14="","",VLOOKUP($C14,'분양가테이블(부가세기입X)'!$A$6:$AF$400,7,FALSE)) | W14: =IF($C14="","",VLOOKUP($C14,'분양가테이블(부가세기입X)'!$A$6:$AF$400,17,FALSE)) | AA14: =IF($C14="","",VLOOKUP($C14,'분양가테이블(부가세기입X)'!$A$6:$AF$400,23,FALSE)) | AE14: =IF($C14="","",VLOOKUP($C14,'분양가테이블(부가세기입X)'!$A$6:$AF$400,24,FALSE)) | AI14: =IF($C14="","",VLOOKUP($C14,'분양가테이블(부가세기입X)'!$A$6:$AF$400,26,FALSE)) | AQ14: =AI14 | AU14: =IF($C14="","",VLOOKUP($C14,'분양가테이블(부가세기입X)'!$A$6:$AF$400,18,FALSE))
E15: =IF($C15="","",VLOOKUP($C15,'분양가테이블(부가세기입X)'!$A$6:$AF$400,2,FALSE)) | I15: =IF($C15="","",VLOOKUP($C15,'분양가테이블(부가세기입X)'!$A$6:$AF$400,3,FALSE)) | K15: =IF($C15="","",VLOOKUP($C15,'분양가테이블(부가세기입X)'!$A$6:$AF$400,4,FALSE)) | M15: =IF($C15="","",VLOOKUP($C15,'분양가테이블(부가세기입X)'!$A$6:$AF$400,5,FALSE)) | O15: =IF($C15="","",VLOOKUP($C15,'분양가테이블(부가세기입X)'!$A$6:$AF$400,12,FALSE)) | Q15: =IF($C15="","",VLOOKUP($C15,'분양가테이블(부가세기입X)'!$A$6:$AF$400,13,FALSE)) | S15: =IF($C15="","",VLOOKUP($C15,'분양가테이블(부가세기입X)'!$A$6:$AF$400,6,FALSE)) | U15: =IF($C15="","",VLOOKUP($C15,'분양가테이블(부가세기입X)'!$A$6:$AF$400,7,FALSE)) | W15: =IF($C15="","",VLOOKUP($C15,'분양가테이블(부가세기입X)'!$A$6:$AF$400,17,FALSE)) | AA15: =IF($C15="","",VLOOKUP($C15,'분양가테이블(부가세기입X)'!$A$6:$AF$400,23,FALSE)) | AE15: =IF($C15="","",VLOOKUP($C15,'분양가테이블(부가세기입X)'!$A$6:$AF$400,24,FALSE)) | AI15: =IF($C15="","",VLOOKUP($C15,'분양가테이블(부가세기입X)'!$A$6:$AF$400,26,FALSE)) | AQ15: =AI15 | AU15: =IF($C15="","",VLOOKUP($C15,'분양가테이블(부가세기입X)'!$A$6:$AF$400,18,FALSE))
E16: =IF($C16="","",VLOOKUP($C16,'분양가테이블(부가세기입X)'!$A$6:$AF$400,2,FALSE)) | I16: =IF($C16="","",VLOOKUP($C16,'분양가테이블(부가세기입X)'!$A$6:$AF$400,3,FALSE)) | K16: =IF($C16="","",VLOOKUP($C16,'분양가테이블(부가세기입X)'!$A$6:$AF$400,4,FALSE)) | M16: =IF($C16="","",VLOOKUP($C16,'분양가테이블(부가세기입X)'!$A$6:$AF$400,5,FALSE)) | O16: =IF($C16="","",VLOOKUP($C16,'분양가테이블(부가세기입X)'!$A$6:$AF$400,12,FALSE)) | Q16: =IF($C16="","",VLOOKUP($C16,'분양가테이블(부가세기입X)'!$A$6:$AF$400,13,FALSE)) | S16: =IF($C16="","",VLOOKUP($C16,'분양가테이블(부가세기입X)'!$A$6:$AF$400,6,FALSE)) | U16: =IF($C16="","",VLOOKUP($C16,'분양가테이블(부가세기입X)'!$A$6:$AF$400,7,FALSE)) | W16: =IF($C16="","",VLOOKUP($C16,'분양가테이블(부가세기입X)'!$A$6:$AF$400,17,FALSE)) | AA16: =IF($C16="","",VLOOKUP($C16,'분양가테이블(부가세기입X)'!$A$6:$AF$400,23,FALSE)) | AE16: =IF($C16="","",VLOOKUP($C16,'분양가테이블(부가세기입X)'!$A$6:$AF$400,24,FALSE)) | AI16: =IF($C16="","",VLOOKUP($C16,'분양가테이블(부가세기입X)'!$A$6:$AF$400,26,FALSE)) | AQ16: =AI16 | AU16: =IF($C16="","",VLOOKUP($C16,'분양가테이블(부가세기입X)'!$A$6:$AF$400,18,FALSE))
E17: =IF($C17="","",VLOOKUP($C17,'분양가테이블(부가세기입X)'!$A$6:$AF$400,2,FALSE)) | I17: =IF($C17="","",VLOOKUP($C17,'분양가테이블(부가세기입X)'!$A$6:$AF$400,3,FALSE)) | K17: =IF($C17="","",VLOOKUP($C17,'분양가테이블(부가세기입X)'!$A$6:$AF$400,4,FALSE)) | M17: =IF($C17="","",VLOOKUP($C17,'분양가테이블(부가세기입X)'!$A$6:$AF$400,5,FALSE)) | O17: =IF($C17="","",VLOOKUP($C17,'분양가테이블(부가세기입X)'!$A$6:$AF$400,12,FALSE)) | Q17: =IF($C17="","",VLOOKUP($C17,'분양가테이블(부가세기입X)'!$A$6:$AF$400,13,FALSE)) | S17: =IF($C17="","",VLOOKUP($C17,'분양가테이블(부가세기입X)'!$A$6:$AF$400,6,FALSE)) | U17: =IF($C17="","",VLOOKUP($C17,'분양가테이블(부가세기입X)'!$A$6:$AF$400,7,FALSE)) | W17: =IF($C17="","",VLOOKUP($C17,'분양가테이블(부가세기입X)'!$A$6:$AF$400,17,FALSE)) | AA17: =IF($C17="","",VLOOKUP($C17,'분양가테이블(부가세기입X)'!$A$6:$AF$400,23,FALSE)) | AE17: =IF($C17="","",VLOOKUP($C17,'분양가테이블(부가세기입X)'!$A$6:$AF$400,24,FALSE)) | AI17: =IF($C17="","",VLOOKUP($C17,'분양가테이블(부가세기입X)'!$A$6:$AF$400,26,FALSE)) | AQ17: =AI17 | AU17: =IF($C17="","",VLOOKUP($C17,'분양가테이블(부가세기입X)'!$A$6:$AF$400,18,FALSE))
E18: =IF($C18="","",VLOOKUP($C18,'분양가테이블(부가세기입X)'!$A$6:$AF$400,2,FALSE)) | I18: =IF($C18="","",VLOOKUP($C18,'분양가테이블(부가세기입X)'!$A$6:$AF$400,3,FALSE)) | K18: =IF($C18="","",VLOOKUP($C18,'분양가테이블(부가세기입X)'!$A$6:$AF$400,4,FALSE)) | M18: =IF($C18="","",VLOOKUP($C18,'분양가테이블(부가세기입X)'!$A$6:$AF$400,5,FALSE)) | O18: =IF($C18="","",VLOOKUP($C18,'분양가테이블(부가세기입X)'!$A$6:$AF$400,12,FALSE)) | Q18: =IF($C18="","",VLOOKUP($C18,'분양가테이블(부가세기입X)'!$A$6:$AF$400,13,FALSE)) | S18: =IF($C18="","",VLOOKUP($C18,'분양가테이블(부가세기입X)'!$A$6:$AF$400,6,FALSE)) | U18: =IF($C18="","",VLOOKUP($C18,'분양가테이블(부가세기입X)'!$A$6:$AF$400,7,FALSE)) | W18: =IF($C18="","",VLOOKUP($C18,'분양가테이블(부가세기입X)'!$A$6:$AF$400,17,FALSE)) | AA18: =IF($C18="","",VLOOKUP($C18,'분양가테이블(부가세기입X)'!$A$6:$AF$400,23,FALSE)) | AE18: =IF($C18="","",VLOOKUP($C18,'분양가테이블(부가세기입X)'!$A$6:$AF$400,24,FALSE)) | AI18: =IF($C18="","",VLOOKUP($C18,'분양가테이블(부가세기입X)'!$A$6:$AF$400,26,FALSE)) | AQ18: =AI18 | AU18: =IF($C18="","",VLOOKUP($C18,'분양가테이블(부가세기입X)'!$A$6:$AF$400,18,FALSE))
E19: =IF($C19="","",VLOOKUP($C19,'분양가테이블(부가세기입X)'!$A$6:$AF$400,2,FALSE)) | I19: =IF($C19="","",VLOOKUP($C19,'분양가테이블(부가세기입X)'!$A$6:$AF$400,3,FALSE)) | K19: =IF($C19="","",VLOOKUP($C19,'분양가테이블(부가세기입X)'!$A$6:$AF$400,4,FALSE)) | M19: =IF($C19="","",VLOOKUP($C19,'분양가테이블(부가세기입X)'!$A$6:$AF$400,5,FALSE)) | O19: =IF($C19="","",VLOOKUP($C19,'분양가테이블(부가세기입X)'!$A$6:$AF$400,12,FALSE)) | Q19: =IF($C19="","",VLOOKUP($C19,'분양가테이블(부가세기입X)'!$A$6:$AF$400,13,FALSE)) | S19: =IF($C19="","",VLOOKUP($C19,'분양가테이블(부가세기입X)'!$A$6:$AF$400,6,FALSE)) | U19: =IF($C19="","",VLOOKUP($C19,'분양가테이블(부가세기입X)'!$A$6:$AF$400,7,FALSE)) | W19: =IF($C19="","",VLOOKUP($C19,'분양가테이블(부가세기입X)'!$A$6:$AF$400,17,FALSE)) | AA19: =IF($C19="","",VLOOKUP($C19,'분양가테이블(부가세기입X)'!$A$6:$AF$400,23,FALSE)) | AE19: =IF($C19="","",VLOOKUP($C19,'분양가테이블(부가세기입X)'!$A$6:$AF$400,24,FALSE)) | AI19: =IF($C19="","",VLOOKUP($C19,'분양가테이블(부가세기입X)'!$A$6:$AF$400,26,FALSE)) | AQ19: =AI19 | AU19: =IF($C19="","",VLOOKUP($C19,'분양가테이블(부가세기입X)'!$A$6:$AF$400,18,FALSE))
E20: =IF($C20="","",VLOOKUP($C20,'분양가테이블(부가세기입X)'!$A$6:$AF$400,2,FALSE)) | I20: =IF($C20="","",VLOOKUP($C20,'분양가테이블(부가세기입X)'!$A$6:$AF$400,3,FALSE)) | K20: =IF($C20="","",VLOOKUP($C20,'분양가테이블(부가세기입X)'!$A$6:$AF$400,4,FALSE)) | M20: =IF($C20="","",VLOOKUP($C20,'분양가테이블(부가세기입X)'!$A$6:$AF$400,5,FALSE)) | O20: =IF($C20="","",VLOOKUP($C20,'분양가테이블(부가세기입X)'!$A$6:$AF$400,12,FALSE)) | Q20: =IF($C20="","",VLOOKUP($C20,'분양가테이블(부가세기입X)'!$A$6:$AF$400,13,FALSE)) | S20: =IF($C20="","",VLOOKUP($C20,'분양가테이블(부가세기입X)'!$A$6:$AF$400,6,FALSE)) | U20: =IF($C20="","",VLOOKUP($C20,'분양가테이블(부가세기입X)'!$A$6:$AF$400,7,FALSE)) | W20: =IF($C20="","",VLOOKUP($C20,'분양가테이블(부가세기입X)'!$A$6:$AF$400,17,FALSE)) | AA20: =IF($C20="","",VLOOKUP($C20,'분양가테이블(부가세기입X)'!$A$6:$AF$400,23,FALSE)) | AE20: =IF($C20="","",VLOOKUP($C20,'분양가테이블(부가세기입X)'!$A$6:$AF$400,24,FALSE)) | AI20: =IF($C20="","",VLOOKUP($C20,'분양가테이블(부가세기입X)'!$A$6:$AF$400,26,FALSE)) | AQ20: =AI20 | AU20: =IF($C20="","",VLOOKUP($C20,'분양가테이블(부가세기입X)'!$A$6:$AF$400,18,FALSE))
E21: =IF($C21="","",VLOOKUP($C21,'분양가테이블(부가세기입X)'!$A$6:$AF$400,2,FALSE)) | I21: =IF($C21="","",VLOOKUP($C21,'분양가테이블(부가세기입X)'!$A$6:$AF$400,3,FALSE)) | K21: =IF($C21="","",VLOOKUP($C21,'분양가테이블(부가세기입X)'!$A$6:$AF$400,4,FALSE)) | M21: =IF($C21="","",VLOOKUP($C21,'분양가테이블(부가세기입X)'!$A$6:$AF$400,5,FALSE)) | O21: =IF($C21="","",VLOOKUP($C21,'분양가테이블(부가세기입X)'!$A$6:$AF$400,12,FALSE)) | Q21: =IF($C21="","",VLOOKUP($C21,'분양가테이블(부가세기입X)'!$A$6:$AF$400,13,FALSE)) | S21: =IF($C21="","",VLOOKUP($C21,'분양가테이블(부가세기입X)'!$A$6:$AF$400,6,FALSE)) | U21: =IF($C21="","",VLOOKUP($C21,'분양가테이블(부가세기입X)'!$A$6:$AF$400,7,FALSE)) | W21: =IF($C21="","",VLOOKUP($C21,'분양가테이블(부가세기입X)'!$A$6:$AF$400,17,FALSE)) | AA21: =IF($C21="","",VLOOKUP($C21,'분양가테이블(부가세기입X)'!$A$6:$AF$400,23,FALSE)) | AE21: =IF($C21="","",VLOOKUP($C21,'분양가테이블(부가세기입X)'!$A$6:$AF$400,24,FALSE)) | AI21: =IF($C21="","",VLOOKUP($C21,'분양가테이블(부가세기입X)'!$A$6:$AF$400,26,FALSE)) | AQ21: =AI21 | AU21: =IF($C21="","",VLOOKUP($C21,'분양가테이블(부가세기입X)'!$A$6:$AF$400,18,FALSE))
E22: =IF($C22="","",VLOOKUP($C22,'분양가테이블(부가세기입X)'!$A$6:$AF$400,2,FALSE)) | I22: =IF($C22="","",VLOOKUP($C22,'분양가테이블(부가세기입X)'!$A$6:$AF$400,3,FALSE)) | K22: =IF($C22="","",VLOOKUP($C22,'분양가테이블(부가세기입X)'!$A$6:$AF$400,4,FALSE)) | M22: =IF($C22="","",VLOOKUP($C22,'분양가테이블(부가세기입X)'!$A$6:$AF$400,5,FALSE)) | O22: =IF($C22="","",VLOOKUP($C22,'분양가테이블(부가세기입X)'!$A$6:$AF$400,12,FALSE)) | Q22: =IF($C22="","",VLOOKUP($C22,'분양가테이블(부가세기입X)'!$A$6:$AF$400,13,FALSE)) | S22: =IF($C22="","",VLOOKUP($C22,'분양가테이블(부가세기입X)'!$A$6:$AF$400,6,FALSE)) | U22: =IF($C22="","",VLOOKUP($C22,'분양가테이블(부가세기입X)'!$A$6:$AF$400,7,FALSE)) | W22: =IF($C22="","",VLOOKUP($C22,'분양가테이블(부가세기입X)'!$A$6:$AF$400,17,FALSE)) | AA22: =IF($C22="","",VLOOKUP($C22,'분양가테이블(부가세기입X)'!$A$6:$AF$400,23,FALSE)) | AE22: =IF($C22="","",VLOOKUP($C22,'분양가테이블(부가세기입X)'!$A$6:$AF$400,24,FALSE)) | AI22: =IF($C22="","",VLOOKUP($C22,'분양가테이블(부가세기입X)'!$A$6:$AF$400,26,FALSE)) | AQ22: =AI22 | AU22: =IF($C22="","",VLOOKUP($C22,'분양가테이블(부가세기입X)'!$A$6:$AF$400,18,FALSE))
E23: =IF($C23="","",VLOOKUP($C23,'분양가테이블(부가세기입X)'!$A$6:$AF$400,2,FALSE)) | I23: =IF($C23="","",VLOOKUP($C23,'분양가테이블(부가세기입X)'!$A$6:$AF$400,3,FALSE)) | K23: =IF($C23="","",VLOOKUP($C23,'분양가테이블(부가세기입X)'!$A$6:$AF$400,4,FALSE)) | M23: =IF($C23="","",VLOOKUP($C23,'분양가테이블(부가세기입X)'!$A$6:$AF$400,5,FALSE)) | O23: =IF($C23="","",VLOOKUP($C23,'분양가테이블(부가세기입X)'!$A$6:$AF$400,12,FALSE)) | Q23: =IF($C23="","",VLOOKUP($C23,'분양가테이블(부가세기입X)'!$A$6:$AF$400,13,FALSE)) | S23: =IF($C23="","",VLOOKUP($C23,'분양가테이블(부가세기입X)'!$A$6:$AF$400,6,FALSE)) | U23: =IF($C23="","",VLOOKUP($C23,'분양가테이블(부가세기입X)'!$A$6:$AF$400,7,FALSE)) | W23: =IF($C23="","",VLOOKUP($C23,'분양가테이블(부가세기입X)'!$A$6:$AF$400,17,FALSE)) | AA23: =IF($C23="","",VLOOKUP($C23,'분양가테이블(부가세기입X)'!$A$6:$AF$400,23,FALSE)) | AE23: =IF($C23="","",VLOOKUP($C23,'분양가테이블(부가세기입X)'!$A$6:$AF$400,24,FALSE)) | AI23: =IF($C23="","",VLOOKUP($C23,'분양가테이블(부가세기입X)'!$A$6:$AF$400,26,FALSE)) | AQ23: =AI23 | AU23: =IF($C23="","",VLOOKUP($C23,'분양가테이블(부가세기입X)'!$A$6:$AF$400,18,FALSE))
E24: =IF($C24="","",VLOOKUP($C24,'분양가테이블(부가세기입X)'!$A$6:$AF$400,2,FALSE)) | I24: =IF($C24="","",VLOOKUP($C24,'분양가테이블(부가세기입X)'!$A$6:$AF$400,3,FALSE)) | K24: =IF($C24="","",VLOOKUP($C24,'분양가테이블(부가세기입X)'!$A$6:$AF$400,4,FALSE)) | M24: =IF($C24="","",VLOOKUP($C24,'분양가테이블(부가세기입X)'!$A$6:$AF$400,5,FALSE)) | O24: =IF($C24="","",VLOOKUP($C24,'분양가테이블(부가세기입X)'!$A$6:$AF$400,12,FALSE)) | Q24: =IF($C24="","",VLOOKUP($C24,'분양가테이블(부가세기입X)'!$A$6:$AF$400,13,FALSE)) | S24: =IF($C24="","",VLOOKUP($C24,'분양가테이블(부가세기입X)'!$A$6:$AF$400,6,FALSE)) | U24: =IF($C24="","",VLOOKUP($C24,'분양가테이블(부가세기입X)'!$A$6:$AF$400,7,FALSE)) | W24: =IF($C24="","",VLOOKUP($C24,'분양가테이블(부가세기입X)'!$A$6:$AF$400,17,FALSE)) | AA24: =IF($C24="","",VLOOKUP($C24,'분양가테이블(부가세기입X)'!$A$6:$AF$400,23,FALSE)) | AE24: =IF($C24="","",VLOOKUP($C24,'분양가테이블(부가세기입X)'!$A$6:$AF$400,24,FALSE)) | AI24: =IF($C24="","",VLOOKUP($C24,'분양가테이블(부가세기입X)'!$A$6:$AF$400,26,FALSE)) | AQ24: =AI24 | AU24: =IF($C24="","",VLOOKUP($C24,'분양가테이블(부가세기입X)'!$A$6:$AF$400,18,FALSE))
E25: =IF($C25="","",VLOOKUP($C25,'분양가테이블(부가세기입X)'!$A$6:$AF$400,2,FALSE)) | I25: =IF($C25="","",VLOOKUP($C25,'분양가테이블(부가세기입X)'!$A$6:$AF$400,3,FALSE)) | K25: =IF($C25="","",VLOOKUP($C25,'분양가테이블(부가세기입X)'!$A$6:$AF$400,4,FALSE)) | M25: =IF($C25="","",VLOOKUP($C25,'분양가테이블(부가세기입X)'!$A$6:$AF$400,5,FALSE)) | O25: =IF($C25="","",VLOOKUP($C25,'분양가테이블(부가세기입X)'!$A$6:$AF$400,12,FALSE)) | Q25: =IF($C25="","",VLOOKUP($C25,'분양가테이블(부가세기입X)'!$A$6:$AF$400,13,FALSE)) | S25: =IF($C25="","",VLOOKUP($C25,'분양가테이블(부가세기입X)'!$A$6:$AF$400,6,FALSE)) | U25: =IF($C25="","",VLOOKUP($C25,'분양가테이블(부가세기입X)'!$A$6:$AF$400,7,FALSE)) | W25: =IF($C25="","",VLOOKUP($C25,'분양가테이블(부가세기입X)'!$A$6:$AF$400,17,FALSE)) | AA25: =IF($C25="","",VLOOKUP($C25,'분양가테이블(부가세기입X)'!$A$6:$AF$400,23,FALSE)) | AE25: =IF($C25="","",VLOOKUP($C25,'분양가테이블(부가세기입X)'!$A$6:$AF$400,24,FALSE)) | AI25: =IF($C25="","",VLOOKUP($C25,'분양가테이블(부가세기입X)'!$A$6:$AF$400,26,FALSE)) | AQ25: =AI25 | AU25: =IF($C25="","",VLOOKUP($C25,'분양가테이블(부가세기입X)'!$A$6:$AF$400,18,FALSE))
... E34: =IF($C34="","",VLOOKUP($C34,'분양가테이블(부가세기입X)'!$A$6:$AF$400,2,FALSE)) | I34: =IF($C34="","",VLOOKUP($C34,'분양가테이블(부가세기입X)'!$A$6:$AF$400,3,FALSE)) | K34: =IF($C34="","",VLOOKUP($C34,'분양가테이블(부가세기입X)'!$A$6:$AF$400,4,FALSE)) | M34: =IF($C34="","",VLOOKUP($C34,'분양가테이블(부가세기입X)'!$A$6:$AF$400,5,FALSE)) | O34: =IF($C34="","",VLOOKUP($C34,'분양가테이블(부가세기입X)'!$A$6:$AF$400,12,FALSE)) | Q34: =IF($C34="","",VLOOKUP($C34,'분양가테이블(부가세기입X)'!$A$6:$AF$400,13,FALSE)) | S34: =IF($C34="","",VLOOKUP($C34,'분양가테이블(부가세기입X)'!$A$6:$AF$400,6,FALSE)) | U34: =IF($C34="","",VLOOKUP($C34,'분양가테이블(부가세기입X)'!$A$6:$AF$400,7,FALSE)) | W34: =IF($C34="","",VLOOKUP($C34,'분양가테이블(부가세기입X)'!$A$6:$AF$400,17,FALSE)) | AA34: =IF($C34="","",VLOOKUP($C34,'분양가테이블(부가세기입X)'!$A$6:$AF$400,23,FALSE)) | AE34: =IF($C34="","",VLOOKUP($C34,'분양가테이블(부가세기입X)'!$A$6:$AF$400,24,FALSE)) | AI34: =IF($C34="","",VLOOKUP($C34,'분양가테이블(부가세기입X)'!$A$6:$AF$400,26,FALSE)) | AQ34: =AI34 | AU34: =IF($C34="","",VLOOKUP($C34,'분양가테이블(부가세기입X)'!$A$6:$AF$400,18,FALSE))
C35: 합 계 | K35: =SUM(K10:L34) -> 245.07 | M35: =SUM(M10:N34) -> 74.133675 | O35: =SUM(O10:P34) -> 289.59 | Q35: =SUM(Q10:R34) -> 87.600975 | S35: =SUM(S10:T34) -> 534.66 | U35: =SUM(U10:V34) -> 161.73465 | W35: =SUM(W10:Z34) -> 8571000 | AA35: =SUM(AA10:AD34) -> 857100 | AE35: =SUM(AE10:AH34) -> 9428100 | AI35: =SUM(AI10:AL34) -> 8571000 | AM35: =SUM(AM10:AP34) -> 0 | AQ35: =SUM(AQ10:AT34) -> 8571000 | AU35: =SUM(AU10:AX34) -> 85710000
C37: 2. 납부조건 (분양호실에 해당) | V37: [단위: 원] | AB37: 3. 납부조건 (임대호실에 해당) | AU37: [단위: 원]
C38: 구분 | G38: 비율 | I38: 납부일자 | M38: 공급가액 | Q38: 부가세 | U38: 총 분양가 | AB38: 구분 | AF38: 비율 | AH38: 납부일자 | AL38: 보증금 | AQ38: 임대가 | AU38: 비고
C39: 계약금 | G39: 0.1 | I39: 계약일 | M39: - | Q39: - | U39: - | AB39: 계약보증금 | AF39: 1 | AH39: - | AL39: =AU35 -> 85710000 | AQ39: =W35 -> 8571000
C40: 중도금 | G40: - | I40: - | M40: - | Q40: - | U40: - | AB40: 계약금 | AF40: 0.1 | AH40: 계약일 | AL40: =AL39*10% -> 8571000
C41: 잔금 | G41: 0.9 | I41: 입주지정일 | M41: - | Q41: - | U41: - | AB41: 중도금 | AF41: - | AH41: 해당없음
C42: 합계 | G42: 1 | I42: - | M42: - | Q42: =AA15 | U42: =AE15 | AB42: 잔금 | AF42: 0.9 | AH42: 입주지정일 | AL42: =AL39-AL40 -> 77139000
C44: 4. 계약금 입금계좌 | W44: 5. 계약시 구비서류
C45: 은행명 | G45: 계좌번호 | P45: 예금주 | W45: 개인 | AB45: 인감증명서 1부, 주민등록등본 1부, 신분증 사본(복사), 개인인감도장
C46: IBK기업은행 | G46: 694-022383-01-030 | P46: 신한자산신탁주식회사
W47: 개인 사업자 | AB47: 인감증명서 1부, 주민등록등본 1부, 대표자 신분증 사본(복사), 사업자등록증 1부, 개인 인감도장
C48: 입금 표기 예시 (필독)
C49: 호실+계약자명or상호명 = (예시) 101호 홍길동 / 101호 홍길동산업 | W49: 법인 사업자 | AB49: 법인인감증명서 1부, 법인등기부등본 1부, 대표자 신분증 사본(복사), 사업자등록증 1부, 법인 인감도장
C51: ※ 계약금 입금 전 계좌번호 확인 후 담당자에게 연락하여 입금하시길 바랍니다. | W51: ※ 대리인 계약시: 상기 구비서류 외 위임장 1부, 계약자 인감증명서(위임용) 2부, 대리인 신분증 필수

Sheet 견적서사용법
BB1: *필독사항
BB2: 1. 호실 외 면적 및 금액, 용도 납부일자 비율등의 수치를 변경하지 말 것.
BB3: 2. 견적서의 내용 중 특이사항이나 문제가 될 내용이 있을 시엔 유케이아이디로 문의 부탁드립니다.
AT5: 작성일: | AV5: =TODAY() -> 45860
C6: 1. 분양호실 견적서 | AU6: [단위: 원]
C7: 호실 | E7: 용도 | K7: 면적 | W7: 공급가액 (VAT 별도) | AA7: 부가세 | AE7: 총 분양가 (VAT 포함) | AI7: 계약금 | AM7: 납입금 | AU7: 비고
K8: 전용면적 | O8: 공용면적 | S8: 분양면적 | AI8: 0.1 | AM8: 청약 납입금 | AQ8: 계약 납입금
K9: ㎡ | M9: 평 | O9: ㎡ | Q9: 평 | S9: ㎡ | U9: 평 | AI9: A | AM9: B | AQ9: C
C10: 301 | E10: =IF($C10="","",VLOOKUP($C10,'분양가테이블(부가세기입X)'!A:T,2,FALSE)) -> #N/A | I10: =IF($C10="","",VLOOKUP($C10,'분양가테이블(부가세기입X)'!A:T,3,FALSE)) -> #N/A | K10: =IF($C10="","",VLOOKUP($C10,'분양가테이블(부가세기입X)'!A:T,4,FALSE)) -> #N/A | M10: =IF($C10="","",VLOOKUP($C10,'분양가테이블(부가세기입X)'!A:T,5,FALSE)) -> #N/A | O10: =IF($C10="","",VLOOKUP($C10,'분양가테이블(부가세기입X)'!A:T,8,FALSE)) -> #N/A | Q10: =IF($C10="","",VLOOKUP($C10,'분양가테이블(부가세기입X)'!A:T,9,FALSE)) -> #N/A | S10: =IF($C10="","",VLOOKUP($C10,'분양가테이블(부가세기입X)'!A:T,6,FALSE)) -> #N/A | U10: =IF($C10="","",VLOOKUP($C10,'분양가테이블(부가세기입X)'!A:T,7,FALSE)) -> #N/A | W10: =IF($C10="","",VLOOKUP($C10,'분양가테이블(부가세기입X)'!A:T,12,FALSE)) -> #N/A | AI10: =AE10*10% -> 0 | AM10: 10000000 | AQ10: =AI10-AM10 -> -10000000
C11: 201 | E11: =IF($C11="","",VLOOKUP($C11,'분양가테이블(부가세기입X)'!A:T,2,FALSE)) -> #N/A | I11: =IF($C11="","",VLOOKUP($C11,'분양가테이블(부가세기입X)'!A:T,3,FALSE)) -> #N/A | K11: =IF($C11="","",VLOOKUP($C11,'분양가테이블(부가세기입X)'!A:T,4,FALSE)) -> #N/A | M11: =IF($C11="","",VLOOKUP($C11,'분양가테이블(부가세기입X)'!A:T,5,FALSE)) -> #N/A | O11: =IF($C11="","",VLOOKUP($C11,'분양가테이블(부가세기입X)'!A:T,8,FALSE)) -> #N/A | Q11: =IF($C11="","",VLOOKUP($C11,'분양가테이블(부가세기입X)'!A:T,9,FALSE)) -> #N/A | S11: =IF($C11="","",VLOOKUP($C11,'분양가테이블(부가세기입X)'!A:T,6,FALSE)) -> #N/A | U11: =IF($C11="","",VLOOKUP($C11,'분양가테이블(부가세기입X)'!A:T,7,FALSE)) -> #N/A | W11: =IF($C11="","",VLOOKUP($C11,'분양가테이블(부가세기입X)'!A:T,12,FALSE)) -> #N/A | AI11: =AE11*10% -> 0 | AQ11: =AI11-AM11 -> 0
C12: 311 | E12: =IF($C12="","",VLOOKUP($C12,'분양가테이블(부가세기입X)'!A:T,2,FALSE)) -> #N/A | I12: =IF($C12="","",VLOOKUP($C12,'분양가테이블(부가세기입X)'!A:T,3,FALSE)) -> #N/A | K12: =IF($C12="","",VLOOKUP($C12,'분양가테이블(부가세기입X)'!A:T,4,FALSE)) -> #N/A | M12: =IF($C12="","",VLOOKUP($C12,'분양가테이블(부가세기입X)'!A:T,5,FALSE)) -> #N/A | O12: =IF($C12="","",VLOOKUP($C12,'분양가테이블(부가세기입X)'!A:T,8,FALSE)) -> #N/A | Q12: =IF($C12="","",VLOOKUP($C12,'분양가테이블(부가세기입X)'!A:T,9,FALSE)) -> #N/A | S12: =IF($C12="","",VLOOKUP($C12,'분양가테이블(부가세기입X)'!A:T,6,FALSE)) -> #N/A | U12: =IF($C12="","",VLOOKUP($C12,'분양가테이블(부가세기입X)'!A:T,7,FALSE)) -> #N/A | W12: =IF($C12="","",VLOOKUP($C12,'분양가테이블(부가세기입X)'!A:T,12,FALSE)) -> #N/A | AI12: =AE12*10% -> 0 | AQ12: =AI12-AM12 -> 0
C13: 311 | E13: =IF($C13="","",VLOOKUP($C13,'분양가테이블(부가세기입X)'!A:T,2,FALSE)) -> #N/A | I13: =IF($C13="","",VLOOKUP($C13,'분양가테이블(부가세기입X)'!A:T,3,FALSE)) -> #N/A | K13: =IF($C13="","",VLOOKUP($C13,'분양가테이블(부가세기입X)'!A:T,4,FALSE)) -> #N/A | M13: =IF($C13="","",VLOOKUP($C13,'분양가테이블(부가세기입X)'!A:T,5,FALSE)) -> #N/A | O13: =IF($C13="","",VLOOKUP($C13,'분양가테이블(부가세기입X)'!A:T,8,FALSE)) -> #N/A | Q13: =IF($C13="","",VLOOKUP($C13,'분양가테이블(부가세기입X)'!A:T,9,FALSE)) -> #N/A | S13: =IF($C13="","",VLOOKUP($C13,'분양가테이블(부가세기입X)'!A:T,6,FALSE)) -> #N/A | U13: =IF($C13="","",VLOOKUP($C13,'분양가테이블(부가세기입X)'!A:T,7,FALSE)) -> #N/A | W13: =IF($C13="","",VLOOKUP($C13,'분양가테이블(부가세기입X)'!A:T,12,FALSE)) -> #N/A | AI13: =AE13*10% -> 0 | AQ13: =AI13-AM13 -> 0
C14: 311 | E14: =IF($C14="","",VLOOKUP($C14,'분양가테이블(부가세기입X)'!A:T,2,FALSE)) -> #N/A | I14: =IF($C14="","",VLOOKUP($C14,'분양가테이블(부가세기입X)'!A:T,3,FALSE)) -> #N/A | K14: =IF($C14="","",VLOOKUP($C14,'분양가테이블(부가세기입X)'!A:T,4,FALSE)) -> #N/A | M14: =IF($C14="","",VLOOKUP($C14,'분양가테이블(부가세기입X)'!A:T,5,FALSE)) -> #N/A | O14: =IF($C14="","",VLOOKUP($C14,'분양가테이블(부가세기입X)'!A:T,8,FALSE)) -> #N/A | Q14: =IF($C14="","",VLOOKUP($C14,'분양가테이블(부가세기입X)'!A:T,9,FALSE)) -> #N/A | S14: =IF($C14="","",VLOOKUP($C14,'분양가테이블(부가세기입X)'!A:T,6,FALSE)) -> #N/A | U14: =IF($C14="","",VLOOKUP($C14,'분양가테이블(부가세기입X)'!A:T,7,FALSE)) -> #N/A | W14: =IF($C14="","",VLOOKUP($C14,'분양가테이블(부가세기입X)'!A:T,12,FALSE)) -> #N/A | AI14: =AE14*10% -> 0 | AQ14: =AI14-AM14 -> 0
C15: 합계 | K15: =SUM(K10:L14) -> #N/A | M15: =SUM(M10:N14) -> #N/A | O15: =SUM(O10:P14) -> #N/A | Q15: =SUM(Q10:R14) -> #N/A | S15: =SUM(S10:T14) -> #N/A | U15: =SUM(U10:V14) -> #N/A | W15: =SUM(W10:Z14) -> #N/A | AA15: =SUM(AA10:AD14) -> 0 | AE15: =SUM(AE10:AH14) -> 0 | AI15: =SUM(AI10:AL14) -> 0 | AM15: =SUM(AM10:AP14) -> 10000000 | AQ15: =SUM(AQ10:AT14) -> -10000000 | AU15: -
C17: 2. 임대호실 견적서 | AU17: [단위: 원]
C18: 호실 | E18: 용도 | K18: 면적 | W18: 공급가액 | AA18: 부가세 | AE18: 총 분양가 | AI18: 계약금 | AM18: 납입금 | AU18: 비고
K19: 전용면적 | O19: 공용면적 | S19: 분양면적 | AI19: 0.1 | AM19: 청약 납입금 | AQ19: 계약 납입금
K20: ㎡ | M20: 평 | O20: ㎡ | Q20: 평 | S20: ㎡ | U20: 평 | AI20: A | AM20: B | AQ20: C
C21: 210 | E21: =IF($C21="","",VLOOKUP($C21,'분양가테이블(부가세기입X)'!A:T,2,FALSE)) -> #N/A | I21: =IF($C21="","",VLOOKUP($C21,'분양가테이블(부가세기입X)'!A:T,3,FALSE)) -> #N/A | K21: =IF($C21="","",VLOOKUP($C21,'분양가테이블(부가세기입X)'!A:T,4,FALSE)) -> #N/A | M21: =IF($C21="","",VLOOKUP($C21,'분양가테이블(부가세기입X)'!A:T,5,FALSE)) -> #N/A | O21: =IF($C21="","",VLOOKUP($C21,'분양가테이블(부가세기입X)'!A:T,8,FALSE)) -> #N/A | Q21: =IF($C21="","",VLOOKUP($C21,'분양가테이블(부가세기입X)'!A:T,9,FALSE)) -> #N/A | S21: =IF($C21="","",VLOOKUP($C21,'분양가테이블(부가세기입X)'!A:T,6,FALSE)) -> #N/A | U21: =IF($C21="","",VLOOKUP($C21,'분양가테이블(부가세기입X)'!A:T,7,FALSE)) -> #N/A | W21: =IF($C21="","",VLOOKUP($C21,'분양가테이블(부가세기입X)'!A:T,12,FALSE)) -> #N/A | AI21: =AE21*10% -> 0 | AQ21: =AI21-AM21 -> 0
C22: 311 | E22: =IF($C22="","",VLOOKUP($C22,'분양가테이블(부가세기입X)'!A:T,2,FALSE)) -> #N/A | I22: =IF($C22="","",VLOOKUP($C22,'분양가테이블(부가세기입X)'!A:T,3,FALSE)) -> #N/A | K22: =IF($C22="","",VLOOKUP($C22,'분양가테이블(부가세기입X)'!A:T,4,FALSE)) -> #N/A | M22: =IF($C11="","",VLOOKUP($C11,'분양가테이블(부가세기입X)'!A:T,5,FALSE)) -> #N/A | O22: =IF($C22="","",VLOOKUP($C22,'분양가테이블(부가세기입X)'!A:T,8,FALSE)) -> #N/A | Q22: =IF($C22="","",VLOOKUP($C22,'분양가테이블(부가세기입X)'!A:T,9,FALSE)) -> #N/A | S22: =IF($C22="","",VLOOKUP($C22,'분양가테이블(부가세기입X)'!A:T,6,FALSE)) -> #N/A | U22: =IF($C22="","",VLOOKUP($C22,'분양가테이블(부가세기입X)'!A:T,7,FALSE)) -> #N/A | W22: =IF($C22="","",VLOOKUP($C22,'분양가테이블(부가세기입X)'!A:T,12,FALSE)) -> #N/A | AI22: =AE22*10% -> 0 | AQ22: =AI22-AM22 -> 0
C23: 311 | E23: =IF($C23="","",VLOOKUP($C23,'분양가테이블(부가세기입X)'!A:T,2,FALSE)) -> #N/A | I23: =IF($C23="","",VLOOKUP($C23,'분양가테이블(부가세기입X)'!A:T,3,FALSE)) -> #N/A | K23: =IF($C23="","",VLOOKUP($C23,'분양가테이블(부가세기입X)'!A:T,4,FALSE)) -> #N/A | M23: =IF($C12="","",VLOOKUP($C12,'분양가테이블(부가세기입X)'!A:T,5,FALSE)) -> #N/A | O23: =IF($C23="","",VLOOKUP($C23,'분양가테이블(부가세기입X)'!A:T,8,FALSE)) -> #N/A | Q23: =IF($C23="","",VLOOKUP($C23,'분양가테이블(부가세기입X)'!A:T,9,FALSE)) -> #N/A | S23: =IF($C23="","",VLOOKUP($C23,'분양가테이블(부가세기입X)'!A:T,6,FALSE)) -> #N/A | U23: =IF($C23="","",VLOOKUP($C23,'분양가테이블(부가세기입X)'!A:T,7,FALSE)) -> #N/A | W23: =IF($C23="","",VLOOKUP($C23,'분양가테이블(부가세기입X)'!A:T,12,FALSE)) -> #N/A | AI23: =AE23*10% -> 0 | AQ23: =AI23-AM23 -> 0
C24: 311 | E24: =IF($C24="","",VLOOKUP($C24,'분양가테이블(부가세기입X)'!A:T,2,FALSE)) -> #N/A | I24: =IF($C24="","",VLOOKUP($C24,'분양가테이블(부가세기입X)'!A:T,3,FALSE)) -> #N/A | K24: =IF($C24="","",VLOOKUP($C24,'분양가테이블(부가세기입X)'!A:T,4,FALSE)) -> #N/A | M24: =IF($C13="","",VLOOKUP($C13,'분양가테이블(부가세기입X)'!A:T,5,FALSE)) -> #N/A | O24: =IF($C24="","",VLOOKUP($C24,'분양가테이블(부가세기입X)'!A:T,8,FALSE)) -> #N/A | Q24: =IF($C24="","",VLOOKUP($C24,'분양가테이블(부가세기입X)'!A:T,9,FALSE)) -> #N/A | S24: =IF($C24="","",VLOOKUP($C24,'분양가테이블(부가세기입X)'!A:T,6,FALSE)) -> #N/A | U24: =IF($C24="","",VLOOKUP($C24,'분양가테이블(부가세기입X)'!A:T,7,FALSE)) -> #N/A | W24: =IF($C24="","",VLOOKUP($C24,'분양가테이블(부가세기입X)'!A:T,12,FALSE)) -> #N/A | AI24: =AE24*10% -> 0 | AQ24: =AI24-AM24 -> 0
C25: 311 | E25: =IF($C25="","",VLOOKUP($C25,'분양가테이블(부가세기입X)'!A:T,2,FALSE)) -> #N/A | I25: =IF($C25="","",VLOOKUP($C25,'분양가테이블(부가세기입X)'!A:T,3,FALSE)) -> #N/A | K25: =IF($C25="","",VLOOKUP($C25,'분양가테이블(부가세기입X)'!A:T,4,FALSE)) -> #N/A | M25: =IF($C14="","",VLOOKUP($C14,'분양가테이블(부가세기입X)'!A:T,5,FALSE)) -> #N/A | O25: =IF($C25="","",VLOOKUP($C25,'분양가테이블(부가세기입X)'!A:T,8,FALSE)) -> #N/A | Q25: =IF($C25="","",VLOOKUP($C25,'분양가테이블(부가세기입X)'!A:T,9,FALSE)) -> #N/A | S25: =IF($C25="","",VLOOKUP($C25,'분양가테이블(부가세기입X)'!A:T,6,FALSE)) -> #N/A | U25: =IF($C25="","",VLOOKUP($C25,'분양가테이블(부가세기입X)'!A:T,7,FALSE)) -> #N/A | W25: =IF($C25="","",VLOOKUP($C25,'분양가테이블(부가세기입X)'!A:T,12,FALSE)) -> #N/A | AI25: =AE25*10% -> 0 | AQ25: =AI25-AM25 -> 0
K26: =SUM(K21:L25) -> #N/A | M26: =SUM(M21:N25) -> #N/A | O26: =SUM(O21:P25) -> #N/A | Q26: =SUM(Q21:R25) -> #N/A | S26: =SUM(S21:T25) -> #N/A | U26: =SUM(U21:V25) -> #N/A | W26: =SUM(W21:Z25) -> #N/A | AA26: =SUM(AA21:AD25) -> 0 | AE26: =SUM(AE21:AH25) -> 0 | AI26: =SUM(AI21:AL25) -> 0 | AM26: =SUM(AM21:AP25) -> 0 | AQ26: =SUM(AQ21:AT25) -> 0 | AU26: -
C28: 3. 납부조건 (분양호실에 해당) | V28: [단위: 원] | AB28: 4. 납부조건 (임대호실에 해당) | AU28: [단위: 원]
C29: 구분 | G29: 비율 | I29: 납부일자 | M29: 공급가액 | Q29: 부가세 | U29: 총 분양가 | AB29: 구분 | AF29: 비율 | AH29: 납부일자 | AL29: 보증금 | AQ29: 임대가 | AU29: 비고
C30: 계약금 | G30: 0.1 | I30: 계약일 | M30: =W15*10% -> #N/A | Q30: =AA15*10% -> 0 | U30: =AE15*10% -> 0 | AB30: 계약보증금 | AF30: 1 | AH30: 계약일
C31: 중도금 | G31: 0.4 | I31: 약정일 | M31: =W15*40% -> #N/A | Q31: =AA15*40% -> 0 | U31: =AE15*40% -> 0 | AB31: 계약금 | AF31: 0.05 | AH31: 계약일
C32: 잔금 | G32: 0.5 | I32: 입주지정일 | M32: =W15*50% -> #N/A | Q32: =AA15*50% -> 0 | U32: =AE15*50% -> 0 | AB32: 중도금 | AF32: 0.05 | AH32: 계약일
C33: 합계 | G33: 1 | I33: - | M33: =W15 -> #N/A | Q33: =AA15 -> 0 | U33: =AE15 -> 0 | AB33: 잔금 | AF33: 0.9 | AH33: 계약일
C35: 5. 계약금 입금계좌 | W35: 6. 계약시 구비서류
C36: 은행명 | G36: 계좌번호 | P36: 예금주 | W36: 개인 | AB36: 정부수입인지 (사본제출, 원본 계약자 보관 필수) 인감증명서 3부, 주민등록등본 1부, 신분증 사본(복사), 개인인감도장
C37: ㅇㅇ은행 | G37: 0000-00-000000 | P37: ㅇㅇㅇㅇㅇㅇ(주)
W38: 개인 사업자 | AB38: 정부수입인지 (사본제출, 원본 계약자 보관 필수) 인감증명서 3부, 주민등록등본 1부, 대표자 신분증 사본(복사), 개인인감도장
C39: 입금 표기 예시 (필독)
C40: 호실+계약자명or상호명 = (예시) 101호 홍길동 / 101호 홍길동산업 | W40: 법인 사업자 | AB40: 정부수입인지 (사본제출, 원본 계약자 보관 필수) 법인인감증명서 3부, 법인등기부등본 1부, 대표자 신분증 사본(복사), 사업자등록증 1부, 법인 인감도장
C42: ※ 계약금 입금 전 계좌번호 확인 후 담당자에게 연락하여 입금하시길 바랍니다. | W42: ※ 대리인 계약시: 상기 구비서류 외 위임장 1부, 대리인 신분증 필수

Sheet 분양가테이블(부가세기입X)
T1: 0.45 | U1: 0.55
A2: 1 | B2: 2 | C2: 3 | D2: 4 | E2: 5 | F2: 6 | G2: 7 | H2: 8 | I2: 9 | J2: 10 | K2: 11 | L2: 12 | M2: 13 | N2: 14 | O2: 15 | P2: 16 | Q2: 17 | R2: 18 | S2: 19 | T2: 20 | U2: 21 | V2: 22 | W2: 23 | X2: 24 | Y2: 25 | Z2: 26 | AA2: 27 | AB2: 28 | AC2: 29 | AD2: 30 | AE2: 31 | AF2: 32
A3: 호별 | B3: 분양 분류 | D3: 전용면적 | F3: 분양면적 | H3: 공용면적 | N3: 대지지분 | P3: 임대가(vat별도) | S3: 분양가(vat별도) | W3: 부가세 | X3: 총분양가 (vat포함) | Y3: 계약금 (10%)
H4: 층별공용 | J4: 기계/주차 | L4: 공용합계
B5: 구분 | C5: 세부용도 | D5: ㎡ | E5: 평 | F5: ㎡ | G5: 평 | H5: ㎡ | I5: 평 | J5: ㎡ | K5: 평 | L5: ㎡ | M5: 평 | N5: ㎡ | O5: 평 | P5: 평당가 | Q5: 월임대료 | R5: 보증금 | S5: 평당가 | T5: 토지비 | U5: 건축비 | V5: 공급가 | Y5: 분양 | Z5: 임대 | AB5: 층별공용 | AC5: 기계전기실 | AD5: 주차장 | AE5: 기계/주차 | AF5: 공용합계
A6: B401 | B6: 공공성확보시설 | C6: 임대 | D6: 157.29 | E6: 47.580225 | F6: 343.15 | G6: 103.80287 | H6: 62.45 | I6: 18.891125 | J6: 123.41 | K6: 37.331525 | L6: 185.86 | M6: 56.22265 | N6: 52.03 | O6: 15.739075 | P6: 20000 | Q6: 2077000 | R6: 20770000 | W6: 207700 | X6: 2284700 | Z6: 2077000 | AA6: 잔여분 | AB6: 62.45 | AC6: 9.64 | AD6: 113.77 | AE6: 123.41 | AF6: 185.86
A7: B402 | B7: 공공성확보시설 | C7: 임대 | D7: 131.09 | E7: 39.654725 | F7: 286 | G7: 86.515 | H7: 52.05 | I7: 15.745125 | J7: 102.86 | K7: 31.11515 | L7: 154.91 | M7: 46.860275 | N7: 43.35 | O7: 13.113375 | P7: 20000 | Q7: 1731000 | R7: 17310000 | W7: 173100 | X7: 1904100 | Z7: 1731000 | AA7: 잔여분 | AB7: 52.05 | AC7: 8.04 | AD7: 94.82 | AE7: 102.86 | AF7: 154.91
A8: B403 | B8: 공공성확보시설 | C8: 임대 | D8: 175.53 | E8: 53.097825 | F8: 382.95 | G8: 115.84237 | H8: 69.69 | I8: 21.081225 | J8: 137.73 | K8: 41.663325 | L8: 207.42 | M8: 62.74455 | N8: 58.04 | O8: 17.5571 | P8: 20000 | Q8: 2317000 | R8: 23170000 | W8: 231700 | X8: 2548700 | Z8: 2317000 | AA8: 잔여분 | AB8: 69.69 | AC8: 10.77 | AD8: 126.96 | AE8: 137.73 | AF8: 207.42
A9: B404 | B9: 공공성확보시설 | C9: 임대 | D9: 41.36 | E9: 12.5114 | F9: 90.24 | G9: 27.2976 | H9: 16.42 | I9: 4.96705 | J9: 32.46 | K9: 9.81915 | L9: 48.88 | M9: 14.7862 | N9: 13.68 | O9: 4.1382 | P9: 20000 | Q9: 546000 | R9: 5460000 | W9: 54600 | X9: 600600 | Z9: 546000 | AA9: 잔여분 | AB9: 16.42 | AC9: 2.54 | AD9: 29.92 | AE9: 32.46 | AF9: 48.88
A10: B405 | B10: 공공성확보시설 | C10: 임대 | D10: 40.61 | E10: 12.284525 | F10: 88.59 | G10: 26.798475 | H10: 16.12 | I10: 4.8763 | J10: 31.86 | K10: 9.63765 | L10: 47.98 | M10: 14.51395 | N10: 13.43 | O10: 4.062575 | P10: 20000 | Q10: 536000 | R10: 5360000 | W10: 53600 | X10: 589600 | Z10: 536000 | AA10: 잔여분 | AB10: 16.12 | AC10: 2.49 | AD10: 29.37 | AE10: 31.86 | AF10: 47.98
A11: B406 | B11: 공공성확보시설 | C11: 임대 | D11: 46.26 | E11: 13.99365 | F11: 100.93 | G11: 30.531325 | H11: 18.37 | I11: 5.556925 | J11: 36.3 | K11: 10.98075 | L11: 54.67 | M11: 16.537675 | N11: 15.3 | O11: 4.62825 | P11: 20000 | Q11: 611000 | R11: 6110000 | W11: 61100 | X11: 672100 | Z11: 611000 | AA11: 잔여분 | AB11: 18.37 | AC11: 2.84 | AD11: 33.46 | AE11: 36.3 | AF11: 54.67
A12: B407 | B12: 공공성확보시설 | C12: 임대 | D12: 45.94 | E12: 13.89685 | F12: 100.23 | G12: 30.319575 | H12: 18.24 | I12: 5.5176 | J12: 36.05 | K12: 10.905125 | L12: 54.29 | M12: 16.422725 | N12: 15.19 | O12: 4.594975 | P12: 20000 | Q12: 607000 | R12: 6070000 | W12: 60700 | X12: 667700 | Z12: 607000 | AA12: 잔여분 | AB12: 18.24 | AC12: 2.82 | AD12: 33.23 | AE12: 36.05 | AF12: 54.29
A13: B408 | B13: 공공성확보시설 | C13: 임대 | D13: 54.79 | E13: 16.573975 | F13: 119.53 | G13: 36.157825 | H13: 21.75 | I13: 6.579375 | J13: 42.99 | K13: 13.004475 | L13: 64.74 | M13: 19.58385 | N13: 18.12 | O13: 5.4813 | P13: 20000 | Q13: 724000 | R13: 7240000 | W13: 72400 | X13: 796400 | Z13: 724000 | AA13: 잔여분 | AB13: 21.75 | AC13: 3.36 | AD13: 39.63 | AE13: 42.99 | AF13: 64.74
A14: B409 | B14: 공공성확보시설 | C14: 임대 | D14: 166.02 | E14: 50.22105 | F14: 362.21 | G14: 109.56853 | H14: 65.92 | I14: 19.9408 | J14: 130.27 | K14: 39.406675 | L14: 196.19 | M14: 59.347475 | N14: 54.9 | O14: 16.60725 | P14: 20000 | Q14: 2192000 | R14: 21920000 | W14: 219200 | X14: 2411200 | Z14: 2192000 | AA14: 잔여분 | AB14: 65.92 | AC14: 10.19 | AD14: 120.08 | AE14: 130.27 | AF14: 196.19
A15: B410 | B15: 공공성확보시설 | C15: 임대 | D15: 37 | E15: 11.1925 | F15: 80.72 | G15: 24.4178 | H15: 14.69 | I15: 4.443725 | J15: 29.03 | K15: 8.781575 | L15: 43.72 | M15: 13.2253 | N15: 12.24 | O15: 3.7026 | P15: 20000 | Q15: 489000 | R15: 4890000 | W15: 48900 | X15: 537900 | Z15: 489000 | AA15: 잔여분 | AB15: 14.69 | AC15: 2.27 | AD15: 26.76 | AE15: 29.03 | AF15: 43.72
A16: B411 | B16: 공공성확보시설 | C16: 임대 | D16: 37.69 | E16: 11.401225 | F16: 82.22 | G16: 24.87155 | H16: 14.96 | I16: 4.5254 | J16: 29.57 | K16: 8.944925 | L16: 44.53 | M16: 13.470325 | N16: 12.46 | O16: 3.76915 | P16: 20000 | Q16: 498000 | R16: 4980000 | W16: 49800 | X16: 547800 | Z16: 498000 | AA16: 잔여분 | AB16: 14.96 | AC16: 2.31 | AD16: 27.26 | AE16: 29.57 | AF16: 44.53
A17: B412 | B17: 공공성확보시설 | C17: 임대 | D17: 26.87 | E17: 8.128175 | F17: 58.63 | G17: 17.735575 | H17: 10.67 | I17: 3.227675 | J17: 21.09 | K17: 6.379725 | L17: 31.76 | M17: 9.6074 | N17: 8.89 | O17: 2.689225 | P17: 20000 | Q17: 355000 | R17: 3550000 | W17: 35500 | X17: 390500 | Z17: 355000 | AA17: 잔여분 | AB17: 10.67 | AC17: 1.65 | AD17: 19.44 | AE17: 21.09 | AF17: 31.76
A18: 지하 4층 소계 | C18: 12 | D18: 960.45 | E18: 290.53613 | F18: 2095.4 | G18: 633.8585 | H18: 381.33 | I18: 115.35233 | J18: 753.62 | K18: 227.97005 | L18: 1134.95 | M18: 343.32237 | N18: 317.63 | O18: 96.083075 | P18: 20009.198 | Q18: 12683000 | R18: 126830000 | T18: 0 | U18: 0 | V18: 0 | W18: 1268300 | X18: 13951300
A19: B301 | B19: 공공성확보시설 | C19: 임대 | D19: 157.29 | E19: 47.580225 | F19: 343.16 | G19: 103.8059 | H19: 62.45 | I19: 18.891125 | J19: 123.42 | K19: 37.33455 | L19: 185.87 | M19: 56.225675 | N19: 52.01 | O19: 15.733025 | P19: 20000 | Q19: 2077000 | R19: 20770000 | W19: 207700 | X19: 2284700 | Z19: 2077000 | AA19: 잔여분 | AB19: 62.45 | AC19: 9.65 | AD19: 113.77 | AE19: 123.42 | AF19: 185.87
A20: B302 | B20: 공공성확보시설 | C20: 임대 | D20: 175.53 | E20: 53.097825 | F20: 382.95 | G20: 115.84237 | H20: 69.69 | I20: 21.081225 | J20: 137.73 | K20: 41.663325 | L20: 207.42 | M20: 62.74455 | N20: 58.04 | O20: 17.5571 | P20: 20000 | Q20: 2317000 | R20: 23170000 | W20: 231700 | X20: 2548700 | Z20: 2317000 | AA20: 잔여분 | AB20: 69.69 | AC20: 10.77 | AD20: 126.96 | AE20: 137.73 | AF20: 207.42
A21: B303 | B21: 공공성확보시설 | C21: 임대 | D21: 40.58 | E21: 12.27545 | F21: 88.53 | G21: 26.780325 | H21: 16.11 | I21: 4.873275 | J21: 31.84 | K21: 9.6316 | L21: 47.95 | M21: 14.504875 | N21: 13.42 | O21: 4.05955 | P21: 20000 | Q21: 536000 | R21: 5360000 | W21: 53600 | X21: 589600 | Z21: 536000 | AA21: 잔여분 | AB21: 16.11 | AC21: 2.49 | AD21: 29.35 | AE21: 31.84 | AF21: 47.95
A22: B304 | B22: 공공성확보시설 | C22: 임대 | D22: 54.63 | E22: 16.525575 | F22: 119.18 | G22: 36.05195 | H22: 21.69 | I22: 6.561225 | J22: 42.86 | K22: 12.96515 | L22: 64.55 | M22: 19.526375 | N22: 18.07 | O22: 5.466175 | P22: 20000 | Q22: 722000 | R22: 7220000 | W22: 72200 | X22: 794200 | Z22: 722000 | AA22: 잔여분 | AB22: 21.69 | AC22: 3.35 | AD22: 39.51 | AE22: 42.86 | AF22: 64.55
A23: B305 | B23: 공공성확보시설 | C23: 임대 | D23: 34.52 | E23: 10.4423 | F23: 75.32 | G23: 22.7843 | H23: 13.71 | I23: 4.147275 | J23: 27.09 | K23: 8.194725 | L23: 40.8 | M23: 12.342 | N23: 11.42 | O23: 3.45455 | P23: 20000 | Q23: 456000 | R23: 4560000 | W23: 45600 | X23: 501600 | Z23: 456000 | AA23: 잔여분 | AB23: 13.71 | AC23: 2.12 | AD23: 24.97 | AE23: 27.09 | AF23: 40.8
A24: B306 | B24: 공공성확보시설 | C24: 임대 | D24: 37.94 | E24: 11.47685 | F24: 82.77 | G24: 25.037925 | H24: 15.06 | I24: 4.55565 | J24: 29.77 | K24: 9.005425 | L24: 44.83 | M24: 13.561075 | N24: 12.55 | O24: 3.796375 | P24: 20000 | Q24: 501000 | R24: 5010000 | W24: 50100 | X24: 551100 | Z24: 501000 | AA24: 잔여분 | AB24: 15.06 | AC24: 2.33 | AD24: 27.44 | AE24: 29.77 | AF24: 44.83
A25: B307 | B25: 공공성확보시설 | C25: 임대 | D25: 46.26 | E25: 13.99365 | F25: 100.93 | G25: 30.531325 | H25: 18.37 | I25: 5.556925 | J25: 36.3 | K25: 10.98075 | L25: 54.67 | M25: 16.537675 | N25: 15.3 | O25: 4.62825 | P25: 20000 | Q25: 611000 | R25: 6110000 | W25: 61100 | X25: 672100 | Z25: 611000 | AA25: 잔여분 | AB25: 18.37 | AC25: 2.84 | AD25: 33.46 | AE25: 36.3 | AF25: 54.67
A26: B308 | B26: 공공성확보시설 | C26: 임대 | D26: 42.51 | E26: 12.859275 | F26: 92.75 | G26: 28.056875 | H26: 16.88 | I26: 5.1062 | J26: 33.36 | K26: 10.0914 | L26: 50.24 | M26: 15.1976 | N26: 14.06 | O26: 4.25315 | P26: 20000 | Q26: 562000 | R26: 5620000 | W26: 56200 | X26: 618200 | Z26: 562000 | AA26: 잔여분 | AB26: 16.88 | AC26: 2.61 | AD26: 30.75 | AE26: 33.36 | AF26: 50.24
A27: B309 | B27: 공공성확보시설 | C27: 임대 | D27: 38.06 | E27: 11.51315 | F27: 83.04 | G27: 25.1196 | H27: 15.11 | I27: 4.570775 | J27: 29.87 | K27: 9.035675 | L27: 44.98 | M27: 13.60645 | N27: 12.59 | O27: 3.808475 | P27: 20000 | Q27: 503000 | R27: 5030000 | W27: 50300 | X27: 553300 | Z27: 503000 | AA27: 잔여분 | AB27: 15.11 | AC27: 2.34 | AD27: 27.53 | AE27: 29.87 | AF27: 44.98
A28: B310 | B28: 공공성확보시설 | C28: 임대 | D28: 37.69 | E28: 11.401225 | F28: 82.22 | G28: 24.87155 | H28: 14.96 | I28: 4.5254 | J28: 29.57 | K28: 8.944925 | L28: 44.53 | M28: 13.470325 | N28: 12.46 | O28: 3.76915 | P28: 20000 | Q28: 498000 | R28: 4980000 | W28: 49800 | X28: 547800 | Z28: 498000 | AA28: 잔여분 | AB28: 14.96 | AC28: 2.31 | AD28: 27.26 | AE28: 29.57 | AF28: 44.53
A29: B311 | B29: 공공성확보시설 | C29: 임대 | D29: 26.87 | E29: 8.128175 | F29: 58.63 | G29: 17.735575 | H29: 10.67 | I29: 3.227675 | J29: 21.09 | K29: 6.379725 | L29: 31.76 | M29: 9.6074 | N29: 8.89 | O29: 2.689225 | P29: 20000 | Q29: 355000 | R29: 3550000 | W29: 35500 | X29: 390500 | Z29: 355000 | AA29: 잔여분 | AB29: 10.67 | AC29: 1.65 | AD29: 19.44 | AE29: 21.09 | AF29: 31.76
A30: 지하 3층 소계 | C30: 11 | D30: 691.88 | E30: 209.2937 | F30: 1509.48 | G30: 456.6177 | H30: 274.7 | I30: 83.09675 | J30: 542.9 | K30: 164.22725 | L30: 817.6 | M30: 247.324 | N30: 228.81 | O30: 69.215025 | P30: 20012.365 | Q30: 9138000 | R30: 91380000 | T30: 0 | U30: 0 | V30: 0 | W30: 913800 | X30: 10051800
A31: B201 | B31: 공공성확보시설 | C31: 임대 | D31: 219.39 | E31: 66.365475 | F31: 478.64 | G31: 144.7886 | H31: 87.1 | I31: 26.34775 | J31: 172.15 | K31: 52.075375 | L31: 259.25 | M31: 78.423125 | N31: 72.55 | O31: 21.946375 | P31: 20000 | Q31: 2896000 | R31: 28960000 | W31: 289600 | X31: 3185600 | Z31: 2896000 | AA31: 잔여분 | AB31: 87.1 | AC31: 13.46 | AD31: 158.69 | AE31: 172.15 | AF31: 259.25
A32: B202 | B32: 공공성확보시설 | C32: 임대 | D32: 40.58 | E32: 12.27545 | F32: 88.53 | G32: 26.780325 | H32: 16.11 | I32: 4.873275 | J32: 31.84 | K32: 9.6316 | L32: 47.95 | M32: 14.504875 | N32: 13.42 | O32: 4.05955 | P32: 20000 | Q32: 536000 | R32: 5360000 | W32: 53600 | X32: 589600 | Z32: 536000 | AA32: 잔여분 | AB32: 16.11 | AC32: 2.49 | AD32: 29.35 | AE32: 31.84 | AF32: 47.95
A33: B203 | B33: 공공성확보시설 | C33: 임대 | D33: 43.84 | E33: 13.2616 | F33: 95.65 | G33: 28.934125 | H33: 17.41 | I33: 5.266525 | J33: 34.4 | K33: 10.406 | L33: 51.81 | M33: 15.672525 | N33: 14.5 | O33: 4.38625 | P33: 20000 | Q33: 579000 | R33: 5790000 | W33: 57900 | X33: 636900 | Z33: 579000 | AA33: 잔여분 | AB33: 17.41 | AC33: 2.69 | AD33: 31.71 | AE33: 34.4 | AF33: 51.81
A34: B204 | B34: 공공성확보시설 | C34: 임대 | D34: 33.52 | E34: 10.1398 | F34: 73.14 | G34: 22.12485 | H34: 13.31 | I34: 4.026275 | J34: 26.31 | K34: 7.958775 | L34: 39.62 | M34: 11.98505 | N34: 11.08 | O34: 3.3517 | P34: 20000 | Q34: 443000 | R34: 4430000 | W34: 44300 | X34: 487300 | Z34: 443000 | AA34: 잔여분 | AB34: 13.31 | AC34: 2.06 | AD34: 24.25 | AE34: 26.31 | AF34: 39.62
A35: B205 | B35: 공공성확보시설 | C35: 임대 | D35: 46.26 | E35: 13.99365 | F35: 100.93 | G35: 30.531325 | H35: 18.37 | I35: 5.556925 | J35: 36.3 | K35: 10.98075 | L35: 54.67 | M35: 16.537675 | N35: 15.3 | O35: 4.62825 | P35: 20000 | Q35: 611000 | R35: 6110000 | W35: 61100 | X35: 672100 | Z35: 611000 | AA35: 잔여분 | AB35: 18.37 | AC35: 2.84 | AD35: 33.46 | AE35: 36.3 | AF35: 54.67
A36: B206 | B36: 공공성확보시설 | C36: 임대 | D36: 42.51 | E36: 12.859275 | F36: 92.75 | G36: 28.056875 | H36: 16.88 | I36: 5.1062 | J36: 33.36 | K36: 10.0914 | L36: 50.24 | M36: 15.1976 | N36: 14.06 | O36: 4.25315 | P36: 20000 | Q36: 562000 | R36: 5620000 | W36: 56200 | X36: 618200 | Z36: 562000 | AA36: 잔여분 | AB36: 16.88 | AC36: 2.61 | AD36: 30.75 | AE36: 33.36 | AF36: 50.24
A37: B207 | B37: 공공성확보시설 | C37: 임대 | D37: 24.2 | E37: 7.3205 | F37: 52.79 | G37: 15.968975 | H37: 9.61 | I37: 2.907025 | J37: 18.98 | K37: 5.74145 | L37: 28.59 | M37: 8.648475 | N37: 8 | O37: 2.42 | P37: 20000 | Q37: 320000 | R37: 3200000 | W37: 32000 | X37: 352000 | Z37: 320000 | AA37: 잔여분 | AB37: 9.61 | AC37: 1.48 | AD37: 17.5 | AE37: 18.98 | AF37: 28.59
A38: B208 | B38: 공공성확보시설 | C38: 임대 | D38: 31.21 | E38: 9.441025 | F38: 68.08 | G38: 20.5942 | H38: 12.39 | I38: 3.747975 | J38: 24.48 | K38: 7.4052 | L38: 36.87 | M38: 11.153175 | N38: 10.32 | O38: 3.1218 | P38: 20000 | Q38: 412000 | R38: 4120000 | W38: 41200 | X38: 453200 | Z38: 412000 | AA38: 잔여분 | AB38: 12.39 | AC38: 1.91 | AD38: 22.57 | AE38: 24.48 | AF38: 36.87
A39: B209 | B39: 공공성확보시설 | C39: 임대 | D39: 26.87 | E39: 8.128175 | F39: 58.63 | G39: 17.735575 | H39: 10.67 | I39: 3.227675 | J39: 21.09 | K39: 6.379725 | L39: 31.76 | M39: 9.6074 | N39: 8.89 | O39: 2.689225 | P39: 20000 | Q39: 355000 | R39: 3550000 | W39: 35500 | X39: 390500 | Z39: 355000 | AA39: 잔여분 | AB39: 10.67 | AC39: 1.65 | AD39: 19.44 | AE39: 21.09 | AF39: 31.76
A40: 지하 2층 소계 | C40: 9 | D40: 508.38 | E40: 153.78495 | F40: 1109.14 | G40: 335.51485 | H40: 201.85 | I40: 61.059625 | J40: 398.91 | K40: 120.67027 | L40: 600.76 | M40: 181.7299 | N40: 168.12 | O40: 50.8563 | P40: 20011.037 | Q40: 6714000 | R40: 67140000 | T40: 0 | U40: 0 | V40: 0 | W40: 671400 | X40: 7385400
A41: B101 | B41: 공공성확보시설 | C41: 임대 | D41: 141.14 | E41: 42.69485 | F41: 307.93 | G41: 93.148825 | H41: 56.04 | I41: 16.9521 | J41: 110.75 | K41: 33.501875 | L41: 166.79 | M41: 50.453975 | N41: 46.67 | O41: 14.117675 | P41: 26000 | Q41: 2422000 | R41: 24220000 | W41: 242200 | X41: 2664200 | Z41: 2422000 | AA41: 잔여분 | AB41: 56.04 | AC41: 8.66 | AD41: 102.09 | AE41: 110.75 | AF41: 166.79
A42: B102 | B42: 공공성확보시설 | C42: 임대 | D42: 135.19 | E42: 40.894975 | F42: 294.93 | G42: 89.216325 | H42: 53.67 | I42: 16.235175 | J42: 106.07 | K42: 32.086175 | L42: 159.74 | M42: 48.32135 | N42: 44.7 | O42: 13.52175 | P42: 26000 | Q42: 2320000 | R42: 23200000 | W42: 232000 | X42: 2552000 | Z42: 2320000 | AA42: 잔여분 | AB42: 53.67 | AC42: 8.29 | AD42: 97.78 | AE42: 106.07 | AF42: 159.74
A43: B103 | B43: 업무시설(지식산업센터) | C43: 임대 | D43: 216.53 | E43: 65.500325 | F43: 472.41 | G43: 142.90402 | H43: 85.97 | I43: 26.005925 | J43: 169.91 | K43: 51.397775 | L43: 255.88 | M43: 77.4037 | N43: 71.6 | O43: 21.659 | P43: 27944 | Q43: 3993000 | R43: 39930000 | W43: 399300 | X43: 4392300 | Z43: 3993000 | AA43: 잔여분 | AB43: 85.97 | AC43: 13.29 | AD43: 156.62 | AE43: 169.91 | AF43: 255.88
A44: B104 | B44: 업무시설(지식산업센터) | C44: 임대 | D44: 64.83 | E44: 19.611075 | F44: 141.44 | G44: 42.7856 | H44: 25.74 | I44: 7.78635 | J44: 50.87 | K44: 15.388175 | L44: 76.61 | M44: 23.174525 | N44: 21.44 | O44: 6.4856 | P44: 26995.064 | Q44: 1155000 | R44: 11550000 | W44: 115500 | X44: 1270500 | Z44: 1155000 | AA44: 금회공고 | AB44: 25.74 | AC44: 3.98 | AD44: 46.89 | AE44: 50.87 | AF44: 76.61
A45: B105 | B45: 업무시설(지식산업센터) | C45: 임대 | D45: 75.46 | E45: 22.82665 | F45: 164.63 | G45: 49.800575 | H45: 29.96 | I45: 9.0629 | J45: 59.21 | K45: 17.911025 | L45: 89.17 | M45: 26.973925 | N45: 24.95 | O45: 7.547375 | P45: 27978 | Q45: 1393000 | R45: 13930000 | W45: 139300 | X45: 1532300 | Z45: 1393000 | AA45: 금회공고 | AB45: 29.96 | AC45: 4.63 | AD45: 54.58 | AE45: 59.21 | AF45: 89.17
A46: B106 | B46: 업무시설(지식산업센터) | C46: 임대 | D46: 115.13 | E46: 34.826825 | F46: 251.18 | G46: 75.98195 | H46: 45.71 | I46: 13.827275 | J46: 90.34 | K46: 27.32785 | L46: 136.05 | M46: 41.155125 | N46: 38.07 | O46: 11.516175 | P46: 27945 | Q46: 2123000 | R46: 21230000 | W46: 212300 | X46: 2335300 | Z46: 2123000 | AA46: 금회공고 | AB46: 45.71 | AC46: 7.06 | AD46: 83.28 | AE46: 90.34 | AF46: 136.05
A47: B107 | B47: 업무시설(지식산업센터) | C47: 임대 | D47: 159.1 | E47: 48.12775 | F47: 347.11 | G47: 105.00078 | H47: 63.17 | I47: 19.108925 | J47: 124.84 | K47: 37.7641 | L47: 188.01 | M47: 56.873025 | N47: 52.61 | O47: 15.914525 | P47: 26009 | Q47: 2731000 | R47: 27310000 | W47: 273100 | X47: 3004100 | Z47: 2731000 | AA47: 잔여분 | AB47: 63.17 | AC47: 9.76 | AD47: 115.08 | AE47: 124.84 | AF47: 188.01
A48: B108 | B48: 업무시설(지식산업센터) | C48: 임대 | D48: 135.32 | E48: 40.9343 | F48: 295.23 | G48: 89.307075 | H48: 53.73 | I48: 16.253325 | J48: 106.18 | K48: 32.11945 | L48: 159.91 | M48: 48.372775 | N48: 44.75 | O48: 13.536875 | P48: 26000 | Q48: 2322000 | R48: 23220000 | W48: 232200 | X48: 2554200 | Z48: 2322000 | AA48: 잔여분 | AB48: 53.73 | AC48: 8.3 | AD48: 97.88 | AE48: 106.18 | AF48: 159.91
A49: B112 | B49: 공공성확보시설 | C49: 임대 | D49: 174.83 | E49: 52.886075 | F49: 381.43 | G49: 115.38258 | H49: 69.41 | I49: 20.996525 | J49: 137.19 | K49: 41.499975 | L49: 206.6 | M49: 62.4965 | N49: 57.81 | O49: 17.487525 | P49: 26000 | Q49: 3000000 | R49: 30000000 | W49: 300000 | X49: 3300000 | Z49: 3000000 | AA49: 잔여분 | AB49: 69.41 | AC49: 10.73 | AD49: 126.46 | AE49: 137.19 | AF49: 206.6
A50: B113 | B50: 공공성확보시설 | C50: 임대 | D50: 134.05 | E50: 40.550125 | F50: 292.45 | G50: 88.466125 | H50: 53.22 | I50: 16.09905 | J50: 105.18 | K50: 31.81695 | L50: 158.4 | M50: 47.916 | N50: 44.33 | O50: 13.409825 | P50: 26000 | Q50: 2301000 | R50: 23010000 | W50: 230100 | X50: 2531100 | Z50: 2301000 | AA50: 잔여분 | AB50: 53.22 | AC50: 8.22 | AD50: 96.96 | AE50: 105.18 | AF50: 158.4
A51: B114 | B51: 공공성확보시설 | C51: 임대 | D51: 123.91 | E51: 37.482775 | F51: 270.34 | G51: 81.77785 | H51: 49.2 | I51: 14.883 | J51: 97.23 | K51: 29.412075 | L51: 146.43 | M51: 44.295075 | N51: 40.97 | O51: 12.393425 | P51: 26000 | Q51: 2127000 | R51: 21270000 | W51: 212700 | X51: 2339700 | Z51: 2127000 | AA51: 잔여분 | AB51: 49.2 | AC51: 7.6 | AD51: 89.63 | AE51: 97.23 | AF51: 146.43
A52: B115 | B52: 기타지원시설 | C52: 임대 | D52: 56.44 | E52: 17.0731 | F52: 123.13 | G52: 37.246825 | H52: 22.41 | I52: 6.779025 | J52: 44.28 | K52: 13.3947 | L52: 66.69 | M52: 20.173725 | N52: 18.66 | O52: 5.64465 | P52: 26982.166 | Q52: 1005000 | R52: 10050000 | W52: 100500 | X52: 1105500 | Z52: 1005000 | AA52: 금회공고 | AB52: 22.41 | AC52: 3.46 | AD52: 40.82 | AE52: 44.28 | AF52: 66.69
... A67: B135-2 | B67: 공공성확보시설 | C67: 임대 | D67: 132.03 | E67: 39.939075 | F67: 288.05 | G67: 87.135125 | H67: 52.42 | I67: 15.85705 | J67: 103.6 | K67: 31.339 | L67: 156.02 | M67: 47.19605 | N67: 43.66 | O67: 13.20715 | P67: 26000 | Q67: 2266000 | R67: 22660000 | W67: 226600 | X67: 2492600 | Z67: 2266000 | AA67: 잔여분 | AB67: 52.42 | AC67: 8.1 | AD67: 95.5 | AE67: 103.6 | AF67: 156.02
A68: B109 | B68: 업무시설(지식산업센터) | C68: 분양 | D68: 143.23 | E68: 43.327075 | F68: 312.49 | G68: 94.528225 | H68: 56.87 | I68: 17.203175 | J68: 112.39 | K68: 33.997975 | L68: 169.26 | M68: 51.20115 | N68: 47.36 | O68: 14.3264 | S68: 11100388 | T68: 472185000 | U68: 577115000 | V68: 1049300000 | W68: 57711500 | X68: 1107011500 | Y68: 110701150 | AA68: 금회공고 | AB68: 56.87 | AC68: 8.79 | AD68: 103.6 | AE68: 112.39 | AF68: 169.26
A69: B110 | B69: 업무시설(지식산업센터) | C69: 분양 | D69: 141.54 | E69: 42.81585 | F69: 308.8 | G69: 93.412 | H69: 56.2 | I69: 17.0005 | J69: 111.06 | K69: 33.59565 | L69: 167.26 | M69: 50.59615 | N69: 46.8 | O69: 14.157 | S69: 12043421 | T69: 506250000 | U69: 618750000 | V69: 1125000000 | W69: 61875000 | X69: 1186875000 | Y69: 118687500 | AA69: 금회공고 | AB69: 56.2 | AC69: 8.68 | AD69: 102.38 | AE69: 111.06 | AF69: 167.26
A70: B111 | B70: 업무시설(지식산업센터) | C70: 분양 | D70: 141.54 | E70: 42.81585 | F70: 308.8 | G70: 93.412 | H70: 56.2 | I70: 17.0005 | J70: 111.06 | K70: 33.59565 | L70: 167.26 | M70: 50.59615 | N70: 46.8 | O70: 14.157 | S70: 12043421 | T70: 506250000 | U70: 618750000 | V70: 1125000000 | W70: 61875000 | X70: 1186875000 | Y70: 118687500 | AA70: 금회공고 | AB70: 56.2 | AC70: 8.68 | AD70: 102.38 | AE70: 111.06 | AF70: 167.26
A71: B125 | B71: 업무시설(지식산업센터) | C71: 분양 | D71: 159.63 | E71: 48.288075 | F71: 348.26 | G71: 105.34865 | H71: 63.38 | I71: 19.17245 | J71: 125.25 | K71: 37.888125 | L71: 188.63 | M71: 57.060575 | N71: 52.79 | O71: 15.968975 | S71: 11100285 | T71: 526230000 | U71: 643170000 | V71: 1169400000 | W71: 64317000 | X71: 1233717000 | Y71: 123371700 | AA71: 금회공고 | AB71: 63.38 | AC71: 9.79 | AD71: 115.46 | AE71: 125.25 | AF71: 188.63
A72: B130 | B72: 업무시설(지식산업센터) | C72: 분양 | D72: 156.18 | E72: 47.24445 | F72: 340.74 | G72: 103.07385 | H72: 62.01 | I72: 18.758025 | J72: 122.55 | K72: 37.071375 | L72: 184.56 | M72: 55.8294 | N72: 51.65 | O72: 15.624125 | S72: 12045732 | T72: 558720000 | U72: 682880000 | V72: 1241600000 | W72: 68288000 | X72: 1309888000 | Y72: 130988800 | AA72: 금회공고 | AB72: 62.01 | AC72: 9.58 | AD72: 112.97 | AE72: 122.55 | AF72: 184.56
A73: B131 | B73: 업무시설(지식산업센터) | C73: 분양 | D73: 146.58 | E73: 44.34045 | F73: 319.79 | G73: 96.736475 | H73: 58.2 | I73: 17.6055 | J73: 115.01 | K73: 34.790525 | L73: 173.21 | M73: 52.396025 | N73: 48.47 | O73: 14.662175 | S73: 12044061 | T73: 524295000 | U73: 640805000 | V73: 1165100000 | W73: 64080500 | X73: 1229180500 | Y73: 122918050 | AA73: 금회공고 | AB73: 58.2 | AC73: 8.99 | AD73: 106.02 | AE73: 115.01 | AF73: 173.21
A74: B132 | B74: 업무시설(지식산업센터) | C74: 분양 | D74: 148.33 | E74: 44.869825 | F74: 323.61 | G74: 97.892025 | H74: 58.89 | I74: 17.814225 | J74: 116.39 | K74: 35.207975 | L74: 175.28 | M74: 53.0222 | N74: 49.05 | O74: 14.837625 | S74: 12044904 | T74: 530595000 | U74: 648505000 | V74: 1179100000 | W74: 64850500 | X74: 1243950500 | Y74: 124395050 | AA74: 금회공고 | AB74: 58.89 | AC74: 9.1 | AD74: 107.29 | AE74: 116.39 | AF74: 175.28
A75: B133 | B75: 업무시설(지식산업센터) | C75: 분양 | D75: 118.42 | E75: 35.82205 | F75: 258.36 | G75: 78.1539 | H75: 47.02 | I75: 14.22355 | J75: 92.92 | K75: 28.1083 | L75: 139.94 | M75: 42.33185 | N75: 39.16 | O75: 11.8459 | S75: 11099894 | T75: 390375000 | U75: 4.77125e+08 | V75: 867500000 | W75: 47712500 | X75: 915212500 | Y75: 91521250 | AA75: 금회공고 | AB75: 47.02 | AC75: 7.27 | AD75: 85.65 | AE75: 92.92 | AF75: 139.94
A76: B134 | B76: 업무시설(지식산업센터) | C76: 분양 | D76: 191.43 | E76: 57.907575 | F76: 417.64 | G76: 126.3361 | H76: 76 | I76: 22.99 | J76: 150.21 | K76: 45.438525 | L76: 226.21 | M76: 68.428525 | N76: 63.3 | O76: 19.14825 | S76: 11099757 | T76: 631035000 | U76: 7.71265e+08 | V76: 1402300000 | W76: 77126500 | X76: 1479426500 | Y76: 147942650 | AA76: 금회공고 | AB76: 76 | AC76: 11.75 | AD76: 138.46 | AE76: 150.21 | AF76: 226.21
A77: B136 | B77: 업무시설(지식산업센터) | C77: 분양 | D77: 240.81 | E77: 72.845025 | F77: 525.48 | G77: 158.9577 | H77: 95.71 | I77: 28.952275 | J77: 188.96 | K77: 57.1604 | L77: 284.67 | M77: 86.112675 | N77: 79.65 | O77: 24.094125 | S77: 12043456 | T77: 861480000 | U77: 1.05292e+09 | V77: 1914400000 | W77: 1.05292e+08 | X77: 2019692000 | Y77: 201969200 | AA77: 금회공고 | AB77: 95.71 | AC77: 14.83 | AD77: 174.13 | AE77: 188.96 | AF77: 284.67
A78: B137 | B78: 업무시설(지식산업센터) | C78: 분양 | D78: 146.58 | E78: 44.34045 | F78: 319.79 | G78: 96.736475 | H78: 58.2 | I78: 17.6055 | J78: 115.01 | K78: 34.790525 | L78: 173.21 | M78: 52.396025 | N78: 48.47 | O78: 14.662175 | S78: 12044061 | T78: 524295000 | U78: 640805000 | V78: 1165100000 | W78: 64080500 | X78: 1229180500 | Y78: 122918050 | AA78: 금회공고 | AB78: 58.2 | AC78: 8.99 | AD78: 106.02 | AE78: 115.01 | AF78: 173.21
A79: B138 | B79: 업무시설(지식산업센터) | C79: 분양 | D79: 156.18 | E79: 47.24445 | F79: 340.74 | G79: 103.07385 | H79: 62.01 | I79: 18.758025 | J79: 122.55 | K79: 37.071375 | L79: 184.56 | M79: 55.8294 | N79: 51.65 | O79: 15.624125 | S79: 12045732 | T79: 558720000 | U79: 682880000 | V79: 1241600000 | W79: 68288000 | X79: 1309888000 | Y79: 130988800 | AA79: 금회공고 | AB79: 62.01 | AC79: 9.58 | AD79: 112.97 | AE79: 122.55 | AF79: 184.56
A80: 지하 1층 소계 | C80: 39 | D80: 6223.15 | E80: 1882.5029 | F80: 13577.22 | G80: 4107.109 | H80: 2470.99 | I80: 747.47447 | J80: 4883.08 | K80: 1477.1317 | L80: 7354.07 | M80: 2224.6062 | N80: 2057.91 | O80: 622.51778 | P80: 26456.507 | Q80: 75651000 | R80: 756510000 | S80: 11738282 | T80: 6590430000 | U80: 8054970000 | V80: 14645400000 | W80: 805497000 | X80: 15450897000
A81: BT-101 | B81: 근린생활시설 | C81: 임대 | D81: 78.57 | E81: 23.767425 | F81: 133.85 | G81: 40.489625 | H81: 12.79 | I81: 3.868975 | J81: 42.49 | K81: 12.853225 | L81: 55.28 | M81: 16.7222 | N81: 24.26 | O81: 7.33865 | P81: 79033 | Q81: 3200000 | R81: 32000000 | W81: 320000 | X81: 3520000 | Z81: 3200000 | AA81: 금회공고 | AB81: 10.42 | AC81: 4.82 | AD81: 35.88 | AE81: 40.7 | AF81: 51.12
A82: BT-102 | B82: 근린생활시설 | C82: 임대 | D82: 114.96 | E82: 34.7754 | F82: 195.85 | G82: 59.244625 | H82: 18.72 | I82: 5.6628 | J82: 62.17 | K82: 18.806425 | L82: 80.89 | M82: 24.469225 | N82: 35.5 | O82: 10.73875 | P82: 79332 | Q82: 4700000 | R82: 47000000 | W82: 470000 | X82: 5170000 | Z82: 4700000 | AA82: 금회공고 | AB82: 15.25 | AC82: 7.05 | AD82: 52.5 | AE82: 59.55 | AF82: 74.8
A83: BT-103 | B83: 근린생활시설 | C83: 임대 | D83: 121.09 | E83: 36.629725 | F83: 206.29 | G83: 62.402725 | H83: 19.71 | I83: 5.962275 | J83: 65.49 | K83: 19.810725 | L83: 85.2 | M83: 25.773 | N83: 37.4 | O83: 11.3135 | P83: 56087.294 | Q83: 3500000 | R83: 35000000 | W83: 350000 | X83: 3850000 | Z83: 3500000 | AA83: 금회공고 | AB83: 16.07 | AC83: 7.43 | AD83: 55.3 | AE83: 62.73 | AF83: 78.8
A84: BT-104 | B84: 기타지원시설 | C84: 임대 | D84: 362.86 | E84: 109.76515 | F84: 791.66 | G84: 239.47715 | H84: 144.06 | I84: 43.57815 | J84: 284.74 | K84: 86.13385 | L84: 428.8 | M84: 129.712 | N84: 142.94 | O84: 43.23935 | P84: 78679.74 | Q84: 18842000 | R84: 188420000 | W84: 1884200 | X84: 20726200 | Z84: 18842000 | AA84: 잔여분 | AB84: 141.68 | AC84: 21.9 | AD84: 258.13 | AE84: 280.03 | AF84: 421.7
A85: BT-105 | B85: 기타지원시설 | C85: 임대 | D85: 143.8 | E85: 43.4995 | F85: 313.73 | G85: 94.903325 | H85: 57.09 | I85: 17.269725 | J85: 112.84 | K85: 34.1341 | L85: 169.93 | M85: 51.403825 | N85: 56.65 | O85: 17.136625 | P85: 94359.181 | Q85: 8955000 | R85: 89550000 | W85: 895500 | X85: 9850500 | Z85: 8955000 | AA85: 잔여분 | AB85: 67.34 | AC85: 10.41 | AD85: 122.68 | AE85: 133.09 | AF85: 200.43
A86: BT-106 | B86: 공공성확보시설 | C86: 임대 | D86: 188.12 | E86: 56.9063 | F86: 410.42 | G86: 124.15205 | H86: 74.69 | I86: 22.593725 | J86: 147.61 | K86: 44.652025 | L86: 222.3 | M86: 67.24575 | N86: 74.11 | O86: 22.418275 | P86: 80006.734 | Q86: 9933000 | R86: 99330000 | W86: 993300 | X86: 10926300 | Z86: 9933000 | AA86: 잔여분 | AB86: 74.69 | AC86: 11.54 | AD86: 136.07 | AE86: 147.61 | AF86: 222.3
A87: BT-107 | B87: 근린생활시설 | C87: 임대 | D87: 65.33 | E87: 19.762325 | F87: 111.3 | G87: 33.66825 | H87: 10.63 | I87: 3.215575 | J87: 35.34 | K87: 10.69035 | L87: 45.97 | M87: 13.905925 | N87: 20.18 | O87: 6.10445 | P87: 80194.248 | Q87: 2700000 | R87: 27000000 | W87: 270000 | X87: 2970000 | Z87: 2700000 | AA87: 금회공고 | AB87: 8.67 | AC87: 4.01 | AD87: 29.84 | AE87: 33.85 | AF87: 42.52
A88: BT-108 | B88: 근린생활시설 | C88: 임대 | D88: 84.17 | E88: 25.461425 | F88: 143.39 | G88: 43.375475 | H88: 13.7 | I88: 4.14425 | J88: 45.52 | K88: 13.7698 | L88: 59.22 | M88: 17.91405 | N88: 25.99 | O88: 7.861975 | P88: 92218.01 | Q88: 4000000 | R88: 40000000 | W88: 400000 | X88: 4400000 | Z88: 4000000 | AA88: 금회공고 | AB88: 11.17 | AC88: 5.16 | AD88: 38.44 | AE88: 43.6 | AF88: 54.77
A89: BT-109 | B89: 근린생활시설 | C89: 임대 | D89: 76.02 | E89: 22.99605 | F89: 129.5 | G89: 39.17375 | H89: 12.37 | I89: 3.741925 | J89: 41.11 | K89: 12.435775 | L89: 53.48 | M89: 16.1777 | N89: 23.48 | O89: 7.1027 | P89: 77526.405 | Q89: 3037000 | R89: 30370000 | W89: 303700 | X89: 3340700 | Z89: 3037000 | AA89: 금회공고 | AB89: 10.09 | AC89: 4.66 | AD89: 34.72 | AE89: 39.38 | AF89: 49.47
A90: BT-110 | B90: 근린생활시설 | C90: 임대 | D90: 78.57 | E90: 23.767425 | F90: 133.85 | G90: 40.489625 | H90: 12.79 | I90: 3.868975 | J90: 42.49 | K90: 12.853225 | L90: 55.28 | M90: 16.7222 | N90: 24.26 | O90: 7.33865 | P90: 77526.033 | Q90: 3139000 | R90: 31390000 | W90: 313900 | X90: 3452900 | Z90: 3139000 | AA90: 금회공고 | AB90: 10.42 | AC90: 4.82 | AD90: 35.88 | AE90: 40.7 | AF90: 51.12
A91: IT-101 | B91: 근린생활시설 | C91: 임대 | D91: 133.13 | E91: 40.271825 | F91: 226.8 | G91: 68.607 | H91: 21.68 | I91: 6.5582 | J91: 71.99 | K91: 21.776975 | L91: 93.67 | M91: 28.335175 | N91: 41.11 | O91: 12.435775 | P91: 80166.747 | Q91: 5500000 | R91: 55000000 | W91: 550000 | X91: 6050000 | Z91: 5500000 | AA91: 금회공고 | AB91: 17.66 | AC91: 8.17 | AD91: 60.8 | AE91: 68.97 | AF91: 86.63
A92: IT-102 | B92: 근린생활시설 | C92: 임대 | D92: 126.42 | E92: 38.24205 | F92: 215.37 | G92: 65.149425 | H92: 20.58 | I92: 6.22545 | J92: 68.37 | K92: 20.681925 | L92: 88.95 | M92: 26.907375 | N92: 39.04 | O92: 11.8096 | P92: 77529.464 | Q92: 5051000 | R92: 50510000 | W92: 505100 | X92: 5556100 | Z92: 5051000 | AA92: 금회공고 | AB92: 16.77 | AC92: 7.76 | AD92: 57.74 | AE92: 65.5 | AF92: 82.27
... A99: IT-109 | B99: 근린생활시설 | C99: 임대 | D99: 165.2 | E99: 49.973 | F99: 281.44 | G99: 85.1356 | H99: 26.9 | I99: 8.13725 | J99: 89.34 | K99: 27.02535 | L99: 116.24 | M99: 35.1626 | N99: 51.02 | O99: 15.43355 | P99: 70475.806 | Q99: 6000000 | R99: 60000000 | W99: 600000 | X99: 6600000 | Z99: 6000000 | AA99: 금회공고 | AB99: 21.92 | AC99: 10.14 | AD99: 75.45 | AE99: 85.59 | AF99: 107.51
A100: 1층 소계 | C100: 19 | D100: 2315.9 | E100: 700.55975 | F100: 4277.55 | G100: 1293.9589 | H100: 539.76 | I100: 163.2774 | J100: 1421.89 | K100: 430.12173 | L100: 1961.65 | M100: 593.39913 | N100: 774.34 | O100: 234.23785 | P100: 82212.041 | Q100: 106379000 | R100: 1063790000 | T100: 0 | U100: 0 | V100: 0 | W100: 10352600 | X100: 113878600
A101: BT-201 | B101: 업무시설(지식산업센터) | C101: 임대 | D101: 73.3 | E101: 22.17325 | F101: 159.92 | G101: 48.3758 | H101: 29.1 | I101: 8.80275 | J101: 57.52 | K101: 17.3998 | L101: 86.62 | M101: 26.20255 | N101: 24.24 | O101: 7.3326 | P101: 50920 | Q101: 2463000 | R101: 24630000 | W101: 246300 | X101: 2709300 | Z101: 2463000 | AA101: 금회공고 | AB101: 29.1 | AC101: 4.5 | AD101: 53.02 | AE101: 57.52 | AF101: 86.62
A102: BT-202 | B102: 업무시설(지식산업센터) | C102: 분양 | D102: 50.34 | E102: 15.22785 | F102: 109.83 | G102: 33.223575 | H102: 19.99 | I102: 6.046975 | J102: 39.5 | K102: 11.94875 | L102: 59.49 | M102: 17.995725 | N102: 16.65 | O102: 5.036625 | S102: 22035558 | T102: 329445000 | U102: 4.02655e+08 | V102: 732100000 | W102: 40265500 | X102: 772365500 | Y102: 77236550 | AA102: 금회공고 | AB102: 19.99 | AC102: 3.09 | AD102: 36.41 | AE102: 39.5 | AF102: 59.49
A103: BT-204 | B103: 업무시설(지식산업센터) | C103: 분양 | D103: 81.66 | E103: 24.70215 | F103: 178.16 | G103: 53.8934 | H103: 32.42 | I103: 9.80705 | J103: 64.08 | K103: 19.3842 | L103: 96.5 | M103: 29.19125 | N103: 27 | O103: 8.1675 | S103: 22041660 | T103: 534555000 | U103: 653345000 | V103: 1187900000 | W103: 65334500 | X103: 1253234500 | Y103: 125323450 | AA103: 금회공고 | AB103: 32.42 | AC103: 5.01 | AD103: 59.07 | AE103: 64.08 | AF103: 96.5
A104: BT-206 | B104: 업무시설(지식산업센터) | C104: 분양 | D104: 98.33 | E104: 29.744825 | F104: 214.52 | G104: 64.8923 | H104: 39.04 | I104: 11.8096 | J104: 77.15 | K104: 23.337875 | L104: 116.19 | M104: 35.147475 | N104: 32.52 | O104: 9.8373 | S104: 22042677 | T104: 643680000 | U104: 7.8672e+08 | V104: 1430400000 | W104: 78672000 | X104: 1509072000 | Y104: 150907200 | AA104: 금회공고 | AB104: 39.04 | AC104: 6.03 | AD104: 71.12 | AE104: 77.15 | AF104: 116.19
A105: BT-207 | B105: 업무시설(지식산업센터) | C105: 분양 | D105: 98.49 | E105: 29.793225 | F105: 214.87 | G105: 64.998175 | H105: 39.1 | I105: 11.82775 | J105: 77.28 | K105: 23.3772 | L105: 116.38 | M105: 35.20495 | N105: 32.57 | O105: 9.852425 | S105: 22046773 | T105: 644850000 | U105: 7.8815e+08 | V105: 1433000000 | W105: 78815000 | X105: 1511815000 | Y105: 151181500 | AA105: 금회공고 | AB105: 39.1 | AC105: 6.04 | AD105: 71.24 | AE105: 77.28 | AF105: 116.38
A106: BT-208 | B106: 업무시설(지식산업센터) | C106: 분양 | D106: 98.49 | E106: 29.793225 | F106: 214.87 | G106: 64.998175 | H106: 39.1 | I106: 11.82775 | J106: 77.28 | K106: 23.3772 | L106: 116.38 | M106: 35.20495 | N106: 32.57 | O106: 9.852425 | S106: 22046773 | T106: 644850000 | U106: 7.8815e+08 | V106: 1433000000 | W106: 78815000 | X106: 1511815000 | Y106: 151181500 | AA106: 금회공고 | AB106: 39.1 | AC106: 6.04 | AD106: 71.24 | AE106: 77.28 | AF106: 116.38
A107: BT-209 | B107: 업무시설(지식산업센터) | C107: 분양 | D107: 98.49 | E107: 29.793225 | F107: 214.87 | G107: 64.998175 | H107: 39.1 | I107: 11.82775 | J107: 77.28 | K107: 23.3772 | L107: 116.38 | M107: 35.20495 | N107: 32.57 | O107: 9.852425 | S107: 22046773 | T107: 644850000 | U107: 7.8815e+08 | V107: 1433000000 | W107: 78815000 | X107: 1511815000 | Y107: 151181500 | AA107: 금회공고 | AB107: 39.1 | AC107: 6.04 | AD107: 71.24 | AE107: 77.28 | AF107: 116.38
A108: BT-211 | B108: 업무시설(지식산업센터) | C108: 분양 | D108: 98.49 | E108: 29.793225 | F108: 214.87 | G108: 64.998175 | H108: 39.1 | I108: 11.82775 | J108: 77.28 | K108: 23.3772 | L108: 116.38 | M108: 35.20495 | N108: 32.57 | O108: 9.852425 | S108: 22046773 | T108: 644850000 | U108: 7.8815e+08 | V108: 1433000000 | W108: 78815000 | X108: 1511815000 | Y108: 151181500 | AA108: 금회공고 | AB108: 39.1 | AC108: 6.04 | AD108: 71.24 | AE108: 77.28 | AF108: 116.38
A109: BT-212 | B109: 업무시설(지식산업센터) | C109: 분양 | D109: 98.49 | E109: 29.793225 | F109: 214.87 | G109: 64.998175 | H109: 39.1 | I109: 11.82775 | J109: 77.28 | K109: 23.3772 | L109: 116.38 | M109: 35.20495 | N109: 32.57 | O109: 9.852425 | S109: 22046773 | T109: 644850000 | U109: 7.8815e+08 | V109: 1433000000 | W109: 78815000 | X109: 1511815000 | Y109: 151181500 | AA109: 금회공고 | AB109: 39.1 | AC109: 6.04 | AD109: 71.24 | AE109: 77.28 | AF109: 116.38
A110: BT-214 | B110: 업무시설(지식산업센터) | C110: 분양 | D110: 118.42 | E110: 35.82205 | F110: 258.36 | G110: 78.1539 | H110: 47.02 | I110: 14.22355 | J110: 92.92 | K110: 28.1083 | L110: 139.94 | M110: 42.33185 | N110: 39.16 | O110: 11.8459 | S110: 22039847 | T110: 775125000 | U110: 9.47375e+08 | V110: 1722500000 | W110: 94737500 | X110: 1817237500 | Y110: 181723750 | AA110: 금회공고 | AB110: 47.02 | AC110: 7.27 | AD110: 85.65 | AE110: 92.92 | AF110: 139.94
A111: BT-215 | B111: 업무시설(지식산업센터) | C111: 분양 | D111: 173.53 | E111: 52.492825 | F111: 378.6 | G111: 114.5265 | H111: 68.9 | I111: 20.84225 | J111: 136.17 | K111: 41.191425 | L111: 205.07 | M111: 62.033675 | N111: 57.38 | O111: 17.35745 | S111: 22040314 | T111: 1135890000 | U111: 1388310000 | V111: 2524200000 | W111: 138831000 | X111: 2663031000 | Y111: 266303100 | AA111: 금회공고 | AB111: 68.9 | AC111: 10.65 | AD111: 125.52 | AE111: 136.17 | AF111: 205.07
A112: BT-216 | B112: 업무시설(지식산업센터) | C112: 분양 | D112: 120.28 | E112: 36.3847 | F112: 262.42 | G112: 79.38205 | H112: 47.76 | I112: 14.4474 | J112: 94.38 | K112: 28.54995 | L112: 142.14 | M112: 42.99735 | N112: 39.77 | O112: 12.030425 | S112: 22042767 | T112: 787410000 | U112: 9.6239e+08 | V112: 1749800000 | W112: 96239000 | X112: 1846039000 | Y112: 184603900 | AA112: 금회공고 | AB112: 47.76 | AC112: 7.38 | AD112: 87 | AE112: 94.38 | AF112: 142.14
A113: BT-217 | B113: 업무시설(지식산업센터) | C113: 분양 | D113: 165.21 | E113: 49.976025 | F113: 360.44 | G113: 109.0331 | H113: 65.59 | I113: 19.840975 | J113: 129.64 | K113: 39.2161 | L113: 195.23 | M113: 59.057075 | N113: 54.63 | O113: 16.525575 | S113: 22045599 | T113: 1081665000 | U113: 1322035000 | V113: 2403700000 | W113: 132203500 | X113: 2535903500 | Y113: 253590350 | AA113: 금회공고 | AB113: 65.59 | AC113: 10.14 | AD113: 119.5 | AE113: 129.64 | AF113: 195.23
... A117: BT-221 | B117: 업무시설(지식산업센터) | C117: 분양 | D117: 76.44 | E117: 23.1231 | F117: 166.77 | G117: 50.447925 | H117: 30.35 | I117: 9.180875 | J117: 59.98 | K117: 18.14395 | L117: 90.33 | M117: 27.324825 | N117: 25.28 | O117: 7.6472 | S117: 20853187 | T117: 473400000 | U117: 578600000 | V117: 1052000000 | W117: 57860000 | X117: 1109860000 | Y117: 110986000 | AA117: 금회공고 | AB117: 30.35 | AC117: 4.69 | AD117: 55.29 | AE117: 59.98 | AF117: 90.33
A118: BT-231 | B118: 업무시설(지식산업센터) | C118: 임대 | D118: 110.44 | E118: 33.4081 | F118: 240.95 | G118: 72.887375 | H118: 43.85 | I118: 13.264625 | J118: 86.66 | K118: 26.21465 | L118: 130.51 | M118: 39.479275 | N118: 36.52 | O118: 11.0473 | P118: 49940 | Q118: 3639000 | R118: 36390000 | W118: 363900 | X118: 4002900 | Z118: 3639000 | AA118: 금회공고 | AB118: 43.85 | AC118: 6.78 | AD118: 79.88 | AE118: 86.66 | AF118: 130.51
A119: IT-201 | B119: 업무시설(지식산업센터) | C119: 분양 | D119: 128.54 | E119: 38.88335 | F119: 280.43 | G119: 84.830075 | H119: 51.03 | I119: 15.436575 | J119: 100.86 | K119: 30.51015 | L119: 151.89 | M119: 45.946725 | N119: 42.51 | O119: 12.859275 | S119: 20855811 | T119: 796140000 | U119: 9.7306e+08 | V119: 1769200000 | W119: 97306000 | X119: 1866506000 | Y119: 186650600 | AA119: 금회공고 | AB119: 51.03 | AC119: 7.89 | AD119: 92.97 | AE119: 100.86 | AF119: 151.89
A120: IT-202 | B120: 업무시설(지식산업센터) | C120: 분양 | D120: 190.29 | E120: 57.562725 | F120: 415.16 | G120: 125.5859 | H120: 75.55 | I120: 22.853875 | J120: 149.32 | K120: 45.1693 | L120: 224.87 | M120: 68.023175 | N120: 62.93 | O120: 19.036325 | S120: 22043876 | T120: 1245780000 | U120: 1.52262e+09 | V120: 2768400000 | W120: 1.52262e+08 | X120: 2920662000 | Y120: 292066200 | AA120: 금회공고 | AB120: 75.55 | AC120: 11.68 | AD120: 137.64 | AE120: 149.32 | AF120: 224.87
A121: IT-203 | B121: 업무시설(지식산업센터) | C121: 분양 | D121: 73.71 | E121: 22.297275 | F121: 160.82 | G121: 48.64805 | H121: 29.27 | I121: 8.854175 | J121: 57.84 | K121: 17.4966 | L121: 87.11 | M121: 26.350775 | N121: 24.37 | O121: 7.371925 | S121: 22039938 | T121: 482490000 | U121: 589710000 | V121: 1072200000 | W121: 58971000 | X121: 1131171000 | Y121: 113117100 | AA121: 금회공고 | AB121: 29.27 | AC121: 4.52 | AD121: 53.32 | AE121: 57.84 | AF121: 87.11
A122: IT-204 | B122: 업무시설(지식산업센터) | C122: 분양 | D122: 94.77 | E122: 28.667925 | F122: 206.76 | G122: 62.5449 | H122: 37.63 | I122: 11.383075 | J122: 74.36 | K122: 22.4939 | L122: 111.99 | M122: 33.876975 | N122: 31.34 | O122: 9.48035 | S122: 22040166 | T122: 620325000 | U122: 7.58175e+08 | V122: 1378500000 | W122: 75817500 | X122: 1454317500 | Y122: 145431750 | AA122: 금회공고 | AB122: 37.63 | AC122: 5.81 | AD122: 68.55 | AE122: 74.36 | AF122: 111.99
A123: IT-205 | B123: 업무시설(지식산업센터) | C123: 분양 | D123: 73.71 | E123: 22.297275 | F123: 160.82 | G123: 48.64805 | H123: 29.27 | I123: 8.854175 | J123: 57.84 | K123: 17.4966 | L123: 87.11 | M123: 26.350775 | N123: 24.37 | O123: 7.371925 | S123: 22039938 | T123: 482490000 | U123: 589710000 | V123: 1072200000 | W123: 58971000 | X123: 1131171000 | Y123: 113117100 | AA123: 금회공고 | AB123: 29.27 | AC123: 4.52 | AD123: 53.32 | AE123: 57.84 | AF123: 87.11
...
